productname,date,farmprice,retailpricepettah,retailpricedambulla,averagespread
Beans,2000-01-01,44.22,56.65,58.0,13.11
Carrot,2000-01-01,54.55,74.75,78.64,22.15
Cabbage,2000-01-01,21.53,31.53,31.53,10.0
Tomato,2000-01-01,45.69,61.06,62.06,15.87
Brinjal,2000-01-01,30.99,41.01,43.11,11.07
Pumpkin,2000-01-01,27.01,37.010000000000005,37.89,10.44
Snake Gourd,2000-01-01,39.84,51.16,52.31,11.89
Green Chilli,2000-01-01,56.53,81.58,82.63,25.57
Lime,2000-01-01,89.34,119.54,118.32,29.59
Beans,2000-02-01,46.81,58.83,69.37,17.29
Carrot,2000-02-01,44.75,60.59,63.07,17.08
Cabbage,2000-02-01,25.35,36.6,36.88,11.39
Tomato,2000-02-01,50.88,72.98,67.04,19.13
Brinjal,2000-02-01,40.49,50.98,55.27,12.63
Pumpkin,2000-02-01,29.58,39.58,40.12,10.27
Snake Gourd,2000-02-01,37.85,48.38,55.28,13.98
Green Chilli,2000-02-01,52.55,73.35,76.42,22.34
Lime,2000-02-01,92.41,122.14,122.27,29.8
Beans,2000-03-01,35.94,45.94,48.96,11.51
Carrot,2000-03-01,74.63,104.18,106.54,30.73
Cabbage,2000-03-01,34.33,47.81,49.85,14.5
Tomato,2000-03-01,48.06,67.49,67.22,19.29
Brinjal,2000-03-01,37.58,47.79,49.09,10.86
Pumpkin,2000-03-01,28.56,38.56,40.03,10.74
Snake Gourd,2000-03-01,30.93,43.34,41.62,11.55
Green Chilli,2000-03-01,72.79,95.21,96.97,23.3
Lime,2000-03-01,77.44,110.3,113.12,34.27
Beans,2000-04-01,42.51,60.73,59.85,17.78
Carrot,2000-04-01,70.08,89.14,94.3,21.64
Cabbage,2000-04-01,37.8,53.43,55.65,16.74
Tomato,2000-04-01,47.96,62.08,63.5,14.83
Brinjal,2000-04-01,39.81,57.27,54.33,15.99
Pumpkin,2000-04-01,18.95,28.95,28.95,10.0
Snake Gourd,2000-04-01,34.07,45.98,46.34,12.09
Green Chilli,2000-04-01,86.34,116.61,113.13,28.53
Lime,2000-04-01,68.55,98.14,92.4,26.72
Beans,2000-05-01,50.61,65.71,72.6,18.54
Carrot,2000-05-01,71.87,93.25,103.9,26.7
Cabbage,2000-05-01,39.85,54.08,52.52,13.45
Tomato,2000-05-01,72.67,95.5,97.18,23.67
Brinjal,2000-05-01,43.65,54.71,61.22,14.32
Pumpkin,2000-05-01,21.23,31.23,31.23,10.0
Snake Gourd,2000-05-01,42.68,54.52,58.4,13.78
Green Chilli,2000-05-01,83.42,119.7,123.08,37.97
Lime,2000-05-01,77.04,104.85,108.31,29.54
Beans,2000-06-01,52.1,66.1,77.08,19.49
Carrot,2000-06-01,48.39,63.87,69.93,18.51
Cabbage,2000-06-01,41.65,59.45,60.64,18.4
Tomato,2000-06-01,65.91,82.51,87.02,18.86
Brinjal,2000-06-01,42.8,53.54,57.02,12.48
Pumpkin,2000-06-01,31.49,41.489999999999995,45.42,11.96
Snake Gourd,2000-06-01,43.79,57.59,63.46,16.74
Green Chilli,2000-06-01,94.21,128.47,124.24,32.15
Lime,2000-06-01,95.7,124.7,129.08,31.19
Beans,2000-07-01,56.63,77.94,82.62,23.65
Carrot,2000-07-01,51.48,70.29,71.99,19.66
Cabbage,2000-07-01,32.77,42.77,46.83,12.03
Tomato,2000-07-01,67.59,97.2,100.76,31.39
Brinjal,2000-07-01,40.56,58.54,60.54,18.98
Pumpkin,2000-07-01,31.86,41.86,43.87,11.0
Snake Gourd,2000-07-01,38.52,52.44,57.29,16.34
Green Chilli,2000-07-01,88.6,120.85,116.9,30.28
Lime,2000-07-01,98.36,137.52,141.58,41.19
Beans,2000-08-01,52.6,69.53,71.47,17.9
Carrot,2000-08-01,75.04,107.51,105.23,31.33
Cabbage,2000-08-01,37.63,53.05,53.81,15.8
Tomato,2000-08-01,66.93,88.19,92.04,23.18
Brinjal,2000-08-01,40.03,54.67,52.33,13.47
Pumpkin,2000-08-01,25.03,35.03,35.03,10.0
Snake Gourd,2000-08-01,40.61,57.44,55.72,15.97
Green Chilli,2000-08-01,97.7,126.34,139.18,35.06
Lime,2000-08-01,88.84,111.97,124.93,29.61
Beans,2000-09-01,57.93,83.72,81.29,24.58
Carrot,2000-09-01,75.26,106.04,101.91,28.71
Cabbage,2000-09-01,34.54,44.54,45.98,10.72
Tomato,2000-09-01,72.18,98.15,104.15,28.97
Brinjal,2000-09-01,42.31,58.06,58.55,15.99
Pumpkin,2000-09-01,32.61,43.08,47.34,12.6
Snake Gourd,2000-09-01,30.26,40.260000000000005,42.31,11.03
Green Chilli,2000-09-01,105.21,135.16,145.9,35.32
Lime,2000-09-01,81.78,102.97,112.44,25.92
Beans,2000-10-01,46.8,63.21,68.86,19.24
Carrot,2000-10-01,71.83,98.2,106.89,30.72
Cabbage,2000-10-01,37.71,50.07,53.87,14.26
Tomato,2000-10-01,68.69,91.17,102.5,28.15
Brinjal,2000-10-01,35.38,45.61,46.48,10.66
Pumpkin,2000-10-01,19.38,29.38,29.38,10.0
Snake Gourd,2000-10-01,31.56,44.59,42.81,12.14
Green Chilli,2000-10-01,94.97,135.38,137.42,41.43
Lime,2000-10-01,84.1,109.87,112.31,26.99
Beans,2000-11-01,36.93,51.9,50.53,14.29
Carrot,2000-11-01,67.75,96.32,93.89,27.35
Cabbage,2000-11-01,25.72,36.79,36.04,10.7
Tomato,2000-11-01,68.77,90.36,101.72,27.27
Brinjal,2000-11-01,33.55,48.31,49.99,15.6
Pumpkin,2000-11-01,20.58,30.58,30.58,10.0
Snake Gourd,2000-11-01,44.88,62.85,65.45,19.27
Green Chilli,2000-11-01,56.42,71.55,78.93,18.82
Lime,2000-11-01,73.78,105.32,101.09,29.42
Beans,2000-12-01,59.29,75.81,86.11,21.67
Carrot,2000-12-01,52.6,74.4,75.81,22.51
Cabbage,2000-12-01,24.46,34.46,36.62,11.08
Tomato,2000-12-01,54.22,78.05,81.18,25.4
Brinjal,2000-12-01,34.06,45.14,44.85,10.93
Pumpkin,2000-12-01,25.86,37.01,35.86,10.57
Snake Gourd,2000-12-01,47.01,58.87,65.52,15.18
Green Chilli,2000-12-01,60.0,82.0,89.55,25.77
Lime,2000-12-01,96.29,125.86,141.9,37.59
Beans,2001-01-01,53.02,76.8,69.71,20.23
Carrot,2001-01-01,58.62,84.64,82.34,24.87
Cabbage,2001-01-01,25.45,35.45,36.06,10.31
Tomato,2001-01-01,60.5,76.17,82.05,18.61
Brinjal,2001-01-01,35.84,49.25,48.58,13.07
Pumpkin,2001-01-01,31.72,42.59,43.48,11.32
Snake Gourd,2001-01-01,35.82,50.61,51.47,15.22
Green Chilli,2001-01-01,57.8,82.78,84.65,25.92
Lime,2001-01-01,99.92,133.26,148.54,40.98
Beans,2001-02-01,62.05,78.12,80.99,17.51
Carrot,2001-02-01,54.74,72.59,81.78,22.45
Cabbage,2001-02-01,24.95,35.37,34.95,10.21
Tomato,2001-02-01,49.92,71.03,73.01,22.1
Brinjal,2001-02-01,43.39,62.89,61.23,18.67
Pumpkin,2001-02-01,30.51,40.510000000000005,45.48,12.48
Snake Gourd,2001-02-01,37.16,48.15,53.3,13.57
Green Chilli,2001-02-01,57.9,80.15,81.3,22.83
Lime,2001-02-01,91.3,123.62,134.25,37.64
Beans,2001-03-01,47.29,62.93,62.74,15.55
Carrot,2001-03-01,71.66,100.4,102.05,29.57
Cabbage,2001-03-01,37.61,47.61,51.53,11.96
Tomato,2001-03-01,50.12,66.58,69.54,17.94
Brinjal,2001-03-01,44.38,62.43,61.21,17.44
Pumpkin,2001-03-01,25.67,36.51,38.25,11.71
Snake Gourd,2001-03-01,32.29,42.29,44.94,11.32
Green Chilli,2001-03-01,108.76,146.67,148.54,38.84
Lime,2001-03-01,74.76,95.38,99.1,22.48
Beans,2001-04-01,42.31,54.06,60.43,14.93
Carrot,2001-04-01,76.35,102.67,109.45,29.71
Cabbage,2001-04-01,36.15,46.58,47.29,10.79
Tomato,2001-04-01,61.28,77.69,81.14,18.13
Brinjal,2001-04-01,41.07,53.03,56.38,13.64
Pumpkin,2001-04-01,21.99,31.99,31.99,10.0
Snake Gourd,2001-04-01,32.43,46.2,48.13,14.74
Green Chilli,2001-04-01,98.46,137.81,131.63,36.26
Lime,2001-04-01,69.61,92.17,97.24,25.09
Beans,2001-05-01,53.04,74.23,69.34,18.75
Carrot,2001-05-01,60.07,83.66,88.85,26.18
Cabbage,2001-05-01,35.56,47.63,50.02,13.27
Tomato,2001-05-01,66.7,86.97,91.74,22.65
Brinjal,2001-05-01,38.69,50.9,51.22,12.37
Pumpkin,2001-05-01,22.23,32.230000000000004,32.230000000000004,10.0
Snake Gourd,2001-05-01,40.83,55.42,57.87,15.82
Green Chilli,2001-05-01,101.16,135.18,134.09,33.48
Lime,2001-05-01,82.16,112.08,112.66,30.21
Beans,2001-06-01,51.63,70.79,69.57,18.55
Carrot,2001-06-01,50.77,65.09,67.9,15.73
Cabbage,2001-06-01,35.94,46.17,53.17,13.73
Tomato,2001-06-01,52.58,76.06,69.53,20.22
Brinjal,2001-06-01,45.93,66.32,67.66,21.06
Pumpkin,2001-06-01,30.41,42.08,45.19,13.22
Snake Gourd,2001-06-01,41.59,56.74,56.4,14.98
Green Chilli,2001-06-01,97.74,130.49,136.98,36.0
Lime,2001-06-01,84.25,107.25,119.81,29.28
Beans,2001-07-01,50.41,67.86,70.9,18.97
Carrot,2001-07-01,53.75,70.81,71.32,17.31
Cabbage,2001-07-01,35.32,48.96,51.29,14.8
Tomato,2001-07-01,73.06,98.22,101.0,26.55
Brinjal,2001-07-01,44.37,57.07,58.27,13.3
Pumpkin,2001-07-01,32.5,44.36,47.72,13.54
Snake Gourd,2001-07-01,40.38,51.8,53.82,12.43
Green Chilli,2001-07-01,108.66,150.28,152.63,42.8
Lime,2001-07-01,90.55,127.98,125.67,36.28
Beans,2001-08-01,60.5,81.22,82.3,21.26
Carrot,2001-08-01,67.4,96.38,92.79,27.18
Cabbage,2001-08-01,39.32,56.28,56.03,16.84
Tomato,2001-08-01,67.5,88.9,89.63,21.77
Brinjal,2001-08-01,47.29,64.98,66.52,18.46
Pumpkin,2001-08-01,31.66,41.66,42.73,10.53
Snake Gourd,2001-08-01,45.97,57.77,65.0,15.42
Green Chilli,2001-08-01,101.14,143.04,133.72,37.24
Lime,2001-08-01,102.09,130.22,140.83,33.44
Beans,2001-09-01,56.31,78.52,81.31,23.6
Carrot,2001-09-01,73.43,101.98,103.43,29.27
Cabbage,2001-09-01,35.02,50.14,49.61,14.85
Tomato,2001-09-01,65.7,88.2,97.86,27.33
Brinjal,2001-09-01,44.66,61.29,58.22,15.1
Pumpkin,2001-09-01,40.11,57.61,56.68,17.04
Snake Gourd,2001-09-01,35.83,45.88,50.71,12.47
Green Chilli,2001-09-01,106.65,142.36,154.35,41.7
Lime,2001-09-01,78.13,99.43,116.96,30.07
Beans,2001-10-01,50.22,64.03,74.53,19.06
Carrot,2001-10-01,94.68,125.91,124.12,30.33
Cabbage,2001-10-01,40.42,57.02,52.58,14.38
Tomato,2001-10-01,73.16,104.91,100.18,29.39
Brinjal,2001-10-01,30.45,42.55,42.34,12.0
Pumpkin,2001-10-01,20.24,30.24,30.24,10.0
Snake Gourd,2001-10-01,34.13,48.91,46.84,13.74
Green Chilli,2001-10-01,95.12,137.18,126.48,36.71
Lime,2001-10-01,78.97,100.06,118.41,30.27
Beans,2001-11-01,43.81,61.33,58.79,16.25
Carrot,2001-11-01,80.22,103.57,107.35,25.24
Cabbage,2001-11-01,30.39,40.39,44.22,11.91
Tomato,2001-11-01,63.35,85.83,87.94,23.53
Brinjal,2001-11-01,34.27,44.27,50.46,13.09
Pumpkin,2001-11-01,25.0,35.0,35.0,10.0
Snake Gourd,2001-11-01,43.7,55.99,63.07,15.83
Green Chilli,2001-11-01,67.07,84.2,90.17,20.12
Lime,2001-11-01,93.67,120.43,134.0,33.55
Beans,2001-12-01,56.87,72.22,76.7,17.59
Carrot,2001-12-01,59.48,79.07,85.27,22.69
Cabbage,2001-12-01,26.56,36.56,39.29,11.37
Tomato,2001-12-01,43.95,62.78,64.32,19.6
Brinjal,2001-12-01,43.35,56.44,59.65,14.69
Pumpkin,2001-12-01,34.9,46.48,49.22,12.95
Snake Gourd,2001-12-01,39.56,51.78,58.93,15.79
Green Chilli,2001-12-01,74.74,105.38,103.52,29.71
Lime,2001-12-01,91.74,119.6,129.2,32.66
Beans,2002-01-01,56.53,80.1,84.62,25.83
Carrot,2002-01-01,55.43,71.19,75.08,17.7
Cabbage,2002-01-01,22.07,32.07,32.07,10.0
Tomato,2002-01-01,58.0,74.89,75.53,17.21
Brinjal,2002-01-01,42.68,59.03,56.98,15.32
Pumpkin,2002-01-01,38.43,51.26,52.9,13.65
Snake Gourd,2002-01-01,43.87,60.13,59.18,15.79
Green Chilli,2002-01-01,66.17,86.53,90.73,22.46
Lime,2002-01-01,100.88,135.7,144.53,39.23
Beans,2002-02-01,52.6,73.46,70.64,19.45
Carrot,2002-02-01,56.92,71.74,79.65,18.77
Cabbage,2002-02-01,24.56,34.56,35.71,10.58
Tomato,2002-02-01,52.52,70.85,75.51,20.66
Brinjal,2002-02-01,45.33,58.9,66.35,17.29
Pumpkin,2002-02-01,31.05,42.48,42.61,11.49
Snake Gourd,2002-02-01,47.29,67.79,62.77,17.99
Green Chilli,2002-02-01,65.28,88.68,96.26,27.19
Lime,2002-02-01,95.08,134.19,136.13,40.08
Beans,2002-03-01,46.77,63.04,62.87,16.18
Carrot,2002-03-01,85.5,123.02,111.82,31.92
Cabbage,2002-03-01,44.02,55.32,63.37,15.32
Tomato,2002-03-01,53.66,77.0,80.18,24.93
Brinjal,2002-03-01,52.61,74.65,71.75,20.59
Pumpkin,2002-03-01,34.1,44.1,48.4,12.15
Snake Gourd,2002-03-01,32.02,44.67,42.04,11.33
Green Chilli,2002-03-01,115.22,156.46,168.01,47.02
Lime,2002-03-01,81.71,112.2,110.03,29.41
Beans,2002-04-01,47.24,67.27,61.61,17.2
Carrot,2002-04-01,85.63,120.72,128.41,38.94
Cabbage,2002-04-01,40.16,56.36,55.44,15.74
Tomato,2002-04-01,76.67,110.93,111.45,34.52
Brinjal,2002-04-01,48.46,64.66,70.15,18.95
Pumpkin,2002-04-01,22.64,32.64,32.64,10.0
Snake Gourd,2002-04-01,32.89,42.89,42.89,10.0
Green Chilli,2002-04-01,96.64,133.94,129.85,35.25
Lime,2002-04-01,72.71,102.32,95.82,26.36
Beans,2002-05-01,71.63,91.93,107.32,28.0
Carrot,2002-05-01,72.89,104.86,104.23,31.66
Cabbage,2002-05-01,36.12,46.43,48.55,11.37
Tomato,2002-05-01,70.51,99.13,96.6,27.35
Brinjal,2002-05-01,45.31,63.51,65.21,19.05
Pumpkin,2002-05-01,20.91,30.91,30.91,10.0
Snake Gourd,2002-05-01,53.73,73.4,70.83,18.39
Green Chilli,2002-05-01,122.36,159.45,162.24,38.48
Lime,2002-05-01,83.85,114.05,110.46,28.41
Beans,2002-06-01,66.18,87.66,89.47,22.38
Carrot,2002-06-01,56.03,72.5,80.5,20.47
Cabbage,2002-06-01,39.19,55.66,54.83,16.05
Tomato,2002-06-01,79.1,104.38,113.56,29.87
Brinjal,2002-06-01,49.78,64.88,73.46,19.39
Pumpkin,2002-06-01,37.53,53.42,54.11,16.23
Snake Gourd,2002-06-01,49.11,68.24,70.52,20.27
Green Chilli,2002-06-01,105.55,150.53,155.62,47.53
Lime,2002-06-01,97.3,137.7,129.0,36.05
Beans,2002-07-01,57.69,81.55,84.6,25.38
Carrot,2002-07-01,61.2,76.58,83.07,18.62
Cabbage,2002-07-01,41.83,54.46,59.68,15.24
Tomato,2002-07-01,73.37,103.16,96.95,26.68
Brinjal,2002-07-01,51.48,67.87,73.44,19.18
Pumpkin,2002-07-01,35.72,45.72,53.13,13.71
Snake Gourd,2002-07-01,46.58,64.82,61.18,16.42
Green Chilli,2002-07-01,108.16,142.68,154.04,40.2
Lime,2002-07-01,96.85,121.54,126.33,27.09
Beans,2002-08-01,58.91,79.39,85.66,23.62
Carrot,2002-08-01,70.18,101.72,97.22,29.29
Cabbage,2002-08-01,39.9,51.18,58.21,14.8
Tomato,2002-08-01,80.76,105.36,120.35,32.09
Brinjal,2002-08-01,53.17,71.06,79.16,21.94
Pumpkin,2002-08-01,30.81,40.81,46.12,12.66
Snake Gourd,2002-08-01,52.82,75.47,71.1,20.46
Green Chilli,2002-08-01,108.35,143.42,159.59,43.16
Lime,2002-08-01,95.23,137.48,127.33,37.17
Beans,2002-09-01,67.93,96.39,98.65,29.59
Carrot,2002-09-01,85.92,109.66,112.25,25.03
Cabbage,2002-09-01,47.85,64.42,63.33,16.02
Tomato,2002-09-01,73.98,102.62,102.54,28.6
Brinjal,2002-09-01,45.77,62.54,61.96,16.48
Pumpkin,2002-09-01,35.6,46.71,49.52,12.52
Snake Gourd,2002-09-01,34.96,47.06,49.64,13.39
Green Chilli,2002-09-01,103.69,144.03,152.63,44.64
Lime,2002-09-01,80.52,102.34,108.57,24.94
Beans,2002-10-01,50.1,64.05,70.13,16.99
Carrot,2002-10-01,84.98,106.39,116.02,26.22
Cabbage,2002-10-01,47.91,60.73,65.64,15.28
Tomato,2002-10-01,69.99,89.35,98.93,24.15
Brinjal,2002-10-01,39.69,55.97,53.19,14.89
Pumpkin,2002-10-01,24.44,34.44,34.44,10.0
Snake Gourd,2002-10-01,36.31,46.31,51.13,12.41
Green Chilli,2002-10-01,120.12,169.41,164.31,46.74
Lime,2002-10-01,85.56,108.32,126.54,31.87
Beans,2002-11-01,50.22,69.24,70.57,19.68
Carrot,2002-11-01,91.47,115.83,120.02,26.45
Cabbage,2002-11-01,25.38,35.73,36.34,10.66
Tomato,2002-11-01,70.96,96.58,102.45,28.56
Brinjal,2002-11-01,37.51,51.99,49.3,13.14
Pumpkin,2002-11-01,24.69,34.69,34.69,10.0
Snake Gourd,2002-11-01,52.68,70.33,72.13,18.55
Green Chilli,2002-11-01,75.59,109.42,98.87,28.55
Lime,2002-11-01,87.82,122.51,122.71,34.79
Beans,2002-12-01,76.35,109.19,105.69,31.09
Carrot,2002-12-01,62.41,80.64,88.91,22.37
Cabbage,2002-12-01,29.93,41.8,39.93,10.93
Tomato,2002-12-01,59.54,80.29,80.35,20.78
Brinjal,2002-12-01,42.34,56.7,59.4,15.71
Pumpkin,2002-12-01,31.67,42.06,47.31,13.02
Snake Gourd,2002-12-01,48.41,66.87,66.08,18.07
Green Chilli,2002-12-01,67.36,85.19,89.85,20.16
Lime,2002-12-01,96.35,126.93,141.23,37.73
Beans,2003-01-01,67.75,94.26,90.34,24.55
Carrot,2003-01-01,51.68,64.98,74.8,18.21
Cabbage,2003-01-01,32.69,46.13,46.32,13.54
Tomato,2003-01-01,58.82,75.95,77.78,18.05
Brinjal,2003-01-01,42.18,60.63,55.17,15.72
Pumpkin,2003-01-01,32.45,43.5,48.25,13.42
Snake Gourd,2003-01-01,45.44,58.15,68.04,17.66
Green Chilli,2003-01-01,80.41,100.59,119.84,29.81
Lime,2003-01-01,98.48,133.26,137.65,36.97
Beans,2003-02-01,71.68,91.6,93.61,20.92
Carrot,2003-02-01,54.99,76.14,82.15,24.16
Cabbage,2003-02-01,28.8,39.87,40.0,11.13
Tomato,2003-02-01,62.15,88.11,92.54,28.18
Brinjal,2003-02-01,48.23,65.08,68.66,18.64
Pumpkin,2003-02-01,35.77,51.37,51.43,15.63
Snake Gourd,2003-02-01,49.49,64.0,70.86,17.94
Green Chilli,2003-02-01,68.33,94.4,102.49,30.12
Lime,2003-02-01,98.43,142.27,135.97,40.69
Beans,2003-03-01,55.52,77.6,81.93,24.24
Carrot,2003-03-01,91.37,120.19,130.98,34.21
Cabbage,2003-03-01,46.83,62.62,68.54,18.75
Tomato,2003-03-01,58.15,79.02,75.66,19.19
Brinjal,2003-03-01,46.16,64.12,63.6,17.7
Pumpkin,2003-03-01,31.18,41.18,42.86,10.84
Snake Gourd,2003-03-01,37.95,52.51,54.04,15.32
Green Chilli,2003-03-01,111.31,147.59,163.92,44.44
Lime,2003-03-01,77.59,102.28,106.77,26.93
Beans,2003-04-01,52.28,71.42,73.54,20.2
Carrot,2003-04-01,88.39,123.18,131.8,39.1
Cabbage,2003-04-01,42.8,55.18,55.7,12.64
Tomato,2003-04-01,75.33,108.13,98.84,28.16
Brinjal,2003-04-01,55.28,72.99,72.99,17.71
Pumpkin,2003-04-01,24.18,34.18,35.32,10.57
Snake Gourd,2003-04-01,35.71,46.86,50.78,13.11
Green Chilli,2003-04-01,116.72,148.75,155.96,35.64
Lime,2003-04-01,71.41,91.85,100.33,24.68
Beans,2003-05-01,68.52,89.17,102.27,27.2
Carrot,2003-05-01,77.08,108.78,108.69,31.66
Cabbage,2003-05-01,42.78,58.62,62.62,17.84
Tomato,2003-05-01,79.57,103.09,106.82,25.39
Brinjal,2003-05-01,57.97,82.9,79.46,23.21
Pumpkin,2003-05-01,24.69,34.72,34.69,10.01
Snake Gourd,2003-05-01,57.94,73.53,82.55,20.1
Green Chilli,2003-05-01,111.84,152.92,149.15,39.19
Lime,2003-05-01,80.06,101.61,104.46,22.97
Beans,2003-06-01,70.35,96.48,99.15,27.47
Carrot,2003-06-01,67.03,90.45,100.38,28.38
Cabbage,2003-06-01,36.21,50.3,50.0,13.94
Tomato,2003-06-01,82.29,119.18,109.09,31.84
Brinjal,2003-06-01,56.65,79.02,80.2,22.96
Pumpkin,2003-06-01,32.86,43.41,43.17,10.43
Snake Gourd,2003-06-01,46.97,59.35,68.58,17.0
Green Chilli,2003-06-01,127.27,175.65,179.02,50.07
Lime,2003-06-01,99.93,131.57,143.29,37.5
Beans,2003-07-01,73.91,103.19,102.96,29.16
Carrot,2003-07-01,68.24,92.97,101.78,29.14
Cabbage,2003-07-01,38.89,52.78,51.31,13.16
Tomato,2003-07-01,80.71,113.09,110.53,31.1
Brinjal,2003-07-01,51.81,66.34,77.64,20.18
Pumpkin,2003-07-01,34.21,46.46,50.23,14.13
Snake Gourd,2003-07-01,47.09,65.98,62.42,17.11
Green Chilli,2003-07-01,129.75,182.48,187.07,55.02
Lime,2003-07-01,89.18,117.9,117.5,28.52
Beans,2003-08-01,65.3,88.86,88.88,23.57
Carrot,2003-08-01,98.36,133.09,145.95,41.16
Cabbage,2003-08-01,39.96,57.88,58.75,18.36
Tomato,2003-08-01,73.09,104.2,107.71,32.86
Brinjal,2003-08-01,60.12,84.65,81.82,23.12
Pumpkin,2003-08-01,32.43,45.04,44.4,12.29
Snake Gourd,2003-08-01,50.56,69.68,74.04,21.3
Green Chilli,2003-08-01,141.35,198.31,188.7,52.16
Lime,2003-08-01,98.39,130.83,130.79,32.42
Beans,2003-09-01,70.99,94.88,96.71,24.8
Carrot,2003-09-01,85.47,114.35,112.92,28.16
Cabbage,2003-09-01,46.76,64.53,62.21,16.61
Tomato,2003-09-01,67.51,94.93,93.97,26.94
Brinjal,2003-09-01,50.8,64.73,69.12,16.13
Pumpkin,2003-09-01,34.97,48.55,45.9,12.25
Snake Gourd,2003-09-01,34.92,48.01,49.08,13.62
Green Chilli,2003-09-01,132.6,169.22,195.89,49.95
Lime,2003-09-01,78.27,104.32,114.71,31.24
Beans,2003-10-01,51.14,71.79,66.59,18.05
Carrot,2003-10-01,82.18,107.0,119.33,30.98
Cabbage,2003-10-01,42.64,57.87,57.27,14.93
Tomato,2003-10-01,69.31,94.23,96.4,26.01
Brinjal,2003-10-01,46.82,59.44,65.44,15.62
Pumpkin,2003-10-01,28.27,38.269999999999996,38.88,10.3
Snake Gourd,2003-10-01,36.88,49.49,53.73,14.73
Green Chilli,2003-10-01,143.84,192.39,194.32,49.51
Lime,2003-10-01,76.77,96.55,113.65,28.33
Beans,2003-11-01,61.87,88.41,88.31,26.49
Carrot,2003-11-01,95.15,120.21,133.56,31.73
Cabbage,2003-11-01,29.08,40.31,39.08,10.62
Tomato,2003-11-01,86.63,120.7,113.87,30.66
Brinjal,2003-11-01,42.08,55.1,57.65,14.3
Pumpkin,2003-11-01,31.22,43.15,41.74,11.23
Snake Gourd,2003-11-01,51.15,71.76,69.21,19.34
Green Chilli,2003-11-01,68.69,86.99,102.59,26.1
Lime,2003-11-01,105.29,139.66,141.21,35.14
Beans,2003-12-01,75.85,104.14,110.36,31.4
Carrot,2003-12-01,61.83,89.26,90.26,27.93
Cabbage,2003-12-01,29.78,43.06,42.3,12.9
Tomato,2003-12-01,64.45,89.02,85.44,22.78
Brinjal,2003-12-01,48.34,69.4,65.01,18.87
Pumpkin,2003-12-01,32.61,44.76,48.54,14.04
Snake Gourd,2003-12-01,42.67,54.37,57.16,13.09
Green Chilli,2003-12-01,77.66,109.75,114.34,34.39
Lime,2003-12-01,111.9,160.44,151.12,43.88
Beans,2004-01-01,79.24,110.6,115.32,33.72
Carrot,2004-01-01,64.53,82.95,90.92,22.41
Cabbage,2004-01-01,32.87,45.86,48.11,14.12
Tomato,2004-01-01,58.41,78.92,85.75,23.93
Brinjal,2004-01-01,56.54,76.42,76.87,20.11
Pumpkin,2004-01-01,42.17,58.52,62.19,18.18
Snake Gourd,2004-01-01,49.71,66.73,64.72,16.02
Green Chilli,2004-01-01,80.6,112.46,120.77,36.02
Lime,2004-01-01,110.04,142.04,155.27,38.61
Beans,2004-02-01,70.24,96.45,93.95,24.96
Carrot,2004-02-01,64.71,80.96,93.97,22.76
Cabbage,2004-02-01,32.11,44.93,43.04,11.88
Tomato,2004-02-01,56.43,72.22,76.81,18.09
Brinjal,2004-02-01,52.85,76.59,72.6,21.74
Pumpkin,2004-02-01,40.5,55.43,55.82,15.12
Snake Gourd,2004-02-01,53.19,73.89,69.18,18.35
Green Chilli,2004-02-01,92.11,116.85,130.58,31.61
Lime,2004-02-01,97.85,134.88,128.47,33.83
Beans,2004-03-01,66.53,91.19,95.49,26.81
Carrot,2004-03-01,103.4,134.83,151.48,39.75
Cabbage,2004-03-01,49.53,68.92,72.2,21.03
Tomato,2004-03-01,58.15,77.81,77.31,19.41
Brinjal,2004-03-01,52.88,68.43,75.07,18.87
Pumpkin,2004-03-01,39.55,57.33,58.8,18.52
Snake Gourd,2004-03-01,47.92,67.43,63.43,17.51
Green Chilli,2004-03-01,118.59,168.16,163.27,47.12
Lime,2004-03-01,75.47,99.81,103.16,26.02
Beans,2004-04-01,57.21,71.79,83.89,20.63
Carrot,2004-04-01,73.13,105.17,98.86,28.89
Cabbage,2004-04-01,45.99,65.51,67.53,20.53
Tomato,2004-04-01,77.53,104.4,102.86,26.1
Brinjal,2004-04-01,62.66,87.45,87.68,24.91
Pumpkin,2004-04-01,30.01,40.010000000000005,42.68,11.34
Snake Gourd,2004-04-01,42.54,59.57,60.89,17.69
Green Chilli,2004-04-01,128.84,167.41,190.84,50.28
Lime,2004-04-01,76.17,99.36,110.59,28.8
Beans,2004-05-01,69.91,88.26,103.56,26.0
Carrot,2004-05-01,85.49,115.97,118.17,31.58
Cabbage,2004-05-01,46.08,62.76,68.54,19.57
Tomato,2004-05-01,78.81,105.11,106.55,27.02
Brinjal,2004-05-01,53.69,73.18,74.78,20.29
Pumpkin,2004-05-01,31.55,43.28,43.22,11.7
Snake Gourd,2004-05-01,49.8,64.75,73.21,19.18
Green Chilli,2004-05-01,128.64,174.27,170.18,43.59
Lime,2004-05-01,84.24,117.23,118.67,33.71
Beans,2004-06-01,72.6,97.4,101.42,26.81
Carrot,2004-06-01,60.78,80.98,86.93,23.18
Cabbage,2004-06-01,53.84,67.97,75.51,17.9
Tomato,2004-06-01,79.22,111.48,106.18,29.61
Brinjal,2004-06-01,57.61,73.91,78.7,18.7
Pumpkin,2004-06-01,36.15,51.53,53.35,16.29
Snake Gourd,2004-06-01,55.16,71.58,76.69,18.98
Green Chilli,2004-06-01,141.93,203.22,199.8,59.58
Lime,2004-06-01,97.8,124.31,139.99,34.35
Beans,2004-07-01,83.95,121.13,112.56,32.89
Carrot,2004-07-01,63.11,82.51,92.05,24.17
Cabbage,2004-07-01,51.2,68.05,75.93,20.79
Tomato,2004-07-01,85.72,109.86,123.37,30.9
Brinjal,2004-07-01,64.1,91.74,86.88,25.21
Pumpkin,2004-07-01,40.57,51.85,54.38,12.55
Snake Gourd,2004-07-01,53.68,68.73,74.51,17.94
Green Chilli,2004-07-01,146.07,185.03,215.67,54.28
Lime,2004-07-01,110.68,147.6,165.67,45.95
Beans,2004-08-01,75.85,104.44,101.12,26.93
Carrot,2004-08-01,83.8,104.96,118.32,27.84
Cabbage,2004-08-01,45.79,63.83,67.68,19.97
Tomato,2004-08-01,74.52,105.94,109.08,32.99
Brinjal,2004-08-01,62.61,87.16,85.33,23.63
Pumpkin,2004-08-01,39.81,52.61,55.69,14.34
Snake Gourd,2004-08-01,60.99,80.33,81.41,19.88
Green Chilli,2004-08-01,134.15,177.02,186.48,47.6
Lime,2004-08-01,102.73,141.79,146.31,41.32
Beans,2004-09-01,74.19,107.27,105.86,32.38
Carrot,2004-09-01,95.68,132.54,130.61,35.89
Cabbage,2004-09-01,46.23,65.53,62.68,17.88
Tomato,2004-09-01,87.27,121.2,122.4,34.53
Brinjal,2004-09-01,64.37,92.54,94.9,29.35
Pumpkin,2004-09-01,37.36,52.59,53.54,15.71
Snake Gourd,2004-09-01,42.63,58.07,56.37,14.59
Green Chilli,2004-09-01,144.39,193.78,212.67,58.84
Lime,2004-09-01,87.0,110.68,120.45,28.57
Beans,2004-10-01,58.09,81.21,86.18,25.6
Carrot,2004-10-01,85.67,122.69,124.29,37.82
Cabbage,2004-10-01,51.5,64.56,76.87,19.22
Tomato,2004-10-01,90.75,118.55,133.82,35.43
Brinjal,2004-10-01,47.23,65.68,66.51,18.87
Pumpkin,2004-10-01,23.63,33.629999999999995,33.629999999999995,10.0
Snake Gourd,2004-10-01,41.11,57.5,53.84,14.56
Green Chilli,2004-10-01,151.19,206.93,223.53,64.04
Lime,2004-10-01,89.1,112.78,120.1,27.34
Beans,2004-11-01,63.16,91.52,92.92,29.06
Carrot,2004-11-01,87.7,110.74,128.59,31.96
Cabbage,2004-11-01,33.56,47.52,49.53,14.96
Tomato,2004-11-01,88.46,119.73,122.61,32.71
Brinjal,2004-11-01,56.35,77.22,83.31,23.91
Pumpkin,2004-11-01,28.54,39.14,40.71,11.39
Snake Gourd,2004-11-01,50.79,68.69,67.09,17.1
Green Chilli,2004-11-01,92.36,124.46,132.12,35.93
Lime,2004-11-01,121.4,164.04,173.22,47.23
Beans,2004-12-01,78.77,102.47,108.1,26.52
Carrot,2004-12-01,66.12,85.24,94.03,23.51
Cabbage,2004-12-01,26.23,36.230000000000004,36.81,10.29
Tomato,2004-12-01,66.06,90.13,92.65,25.33
Brinjal,2004-12-01,48.38,69.49,66.74,19.73
Pumpkin,2004-12-01,37.11,48.95,52.01,13.37
Snake Gourd,2004-12-01,57.92,78.12,83.43,22.86
Green Chilli,2004-12-01,95.07,126.34,131.61,33.91
Lime,2004-12-01,99.76,142.81,143.93,43.61
Beans,2005-01-01,84.3,121.48,123.44,38.16
Carrot,2005-01-01,61.1,84.15,80.05,21.0
Cabbage,2005-01-01,31.83,44.16,42.11,11.3
Tomato,2005-01-01,60.5,81.15,83.12,21.64
Brinjal,2005-01-01,56.71,71.69,74.63,16.45
Pumpkin,2005-01-01,39.65,57.03,56.85,17.29
Snake Gourd,2005-01-01,61.56,77.07,87.86,20.9
Green Chilli,2005-01-01,84.12,115.46,124.06,35.64
Lime,2005-01-01,108.2,138.33,140.91,31.42
Beans,2005-02-01,73.49,96.2,102.68,25.95
Carrot,2005-02-01,58.02,80.99,83.0,23.97
Cabbage,2005-02-01,36.62,50.85,50.75,14.18
Tomato,2005-02-01,60.93,85.78,84.65,24.29
Brinjal,2005-02-01,58.08,82.15,85.47,25.73
Pumpkin,2005-02-01,37.41,51.12,51.41,13.86
Snake Gourd,2005-02-01,53.17,73.97,76.44,22.03
Green Chilli,2005-02-01,87.2,111.49,128.88,32.98
Lime,2005-02-01,95.23,121.98,124.28,27.9
Beans,2005-03-01,56.68,71.66,78.33,18.31
Carrot,2005-03-01,99.98,138.51,142.09,40.32
Cabbage,2005-03-01,54.73,69.95,76.46,18.48
Tomato,2005-03-01,59.56,80.47,88.91,25.13
Brinjal,2005-03-01,57.19,71.75,83.0,20.19
Pumpkin,2005-03-01,41.0,53.62,60.68,16.15
Snake Gourd,2005-03-01,42.29,60.38,60.08,17.94
Green Chilli,2005-03-01,153.9,222.66,208.95,61.9
Lime,2005-03-01,78.6,103.6,110.69,28.55
Beans,2005-04-01,54.42,74.05,76.64,20.92
Carrot,2005-04-01,93.55,122.59,126.47,30.98
Cabbage,2005-04-01,51.52,64.99,70.5,16.22
Tomato,2005-04-01,84.63,111.67,119.84,31.13
Brinjal,2005-04-01,64.82,86.78,92.38,24.76
Pumpkin,2005-04-01,31.26,42.63,44.52,12.32
Snake Gourd,2005-04-01,46.31,61.55,60.57,14.75
Green Chilli,2005-04-01,128.32,185.14,190.16,59.33
Lime,2005-04-01,90.0,122.1,132.66,37.38
Beans,2005-05-01,76.09,107.2,103.11,29.06
Carrot,2005-05-01,98.77,142.11,131.34,37.96
Cabbage,2005-05-01,48.46,68.94,68.7,20.36
Tomato,2005-05-01,88.03,115.07,118.02,28.51
Brinjal,2005-05-01,66.31,89.42,93.86,25.33
Pumpkin,2005-05-01,26.03,37.64,36.03,10.8
Snake Gourd,2005-05-01,60.1,86.62,80.54,23.48
Green Chilli,2005-05-01,157.55,223.85,218.65,63.7
Lime,2005-05-01,88.44,119.58,126.06,34.38
Beans,2005-06-01,90.02,112.87,125.61,29.22
Carrot,2005-06-01,76.42,97.58,103.92,24.33
Cabbage,2005-06-01,52.46,74.02,71.12,20.11
Tomato,2005-06-01,81.04,101.53,117.31,28.38
Brinjal,2005-06-01,70.37,98.38,93.49,25.56
Pumpkin,2005-06-01,46.77,65.63,68.71,20.4
Snake Gourd,2005-06-01,63.1,79.99,88.18,20.98
Green Chilli,2005-06-01,122.84,155.17,168.26,38.87
Lime,2005-06-01,91.42,129.05,136.17,41.19
Beans,2005-07-01,79.46,104.09,104.52,24.85
Carrot,2005-07-01,73.21,103.15,105.53,31.13
Cabbage,2005-07-01,46.25,60.54,62.27,15.16
Tomato,2005-07-01,80.72,113.87,119.94,36.19
Brinjal,2005-07-01,63.4,85.29,85.29,21.89
Pumpkin,2005-07-01,46.36,67.03,65.86,20.09
Snake Gourd,2005-07-01,53.03,75.71,74.27,21.96
Green Chilli,2005-07-01,153.44,209.78,218.65,60.78
Lime,2005-07-01,95.9,133.57,140.45,41.11
Beans,2005-08-01,89.21,121.37,125.25,34.1
Carrot,2005-08-01,86.51,116.73,117.38,30.54
Cabbage,2005-08-01,50.9,70.03,66.72,17.48
Tomato,2005-08-01,84.79,110.67,122.22,31.65
Brinjal,2005-08-01,64.22,91.06,83.54,23.08
Pumpkin,2005-08-01,39.86,50.64,54.69,12.8
Snake Gourd,2005-08-01,62.03,87.99,84.53,24.23
Green Chilli,2005-08-01,155.03,222.0,213.24,62.59
Lime,2005-08-01,120.1,152.27,172.63,42.35
Beans,2005-09-01,93.29,129.75,121.36,32.26
Carrot,2005-09-01,82.76,115.25,118.62,34.17
Cabbage,2005-09-01,47.71,60.64,69.48,17.35
Tomato,2005-09-01,96.53,121.59,132.44,30.48
Brinjal,2005-09-01,52.54,70.48,70.5,17.95
Pumpkin,2005-09-01,43.66,57.8,57.22,13.85
Snake Gourd,2005-09-01,51.46,73.08,69.08,19.62
Green Chilli,2005-09-01,151.95,204.29,224.28,62.34
Lime,2005-09-01,92.86,121.56,123.25,29.55
Beans,2005-10-01,76.16,106.45,103.82,28.98
Carrot,2005-10-01,109.03,140.63,161.15,41.86
Cabbage,2005-10-01,45.82,60.65,60.1,14.55
Tomato,2005-10-01,73.75,104.51,96.09,26.55
Brinjal,2005-10-01,55.86,73.59,72.83,17.35
Pumpkin,2005-10-01,29.75,39.75,41.83,11.04
Snake Gourd,2005-10-01,36.59,46.59,50.96,12.18
Green Chilli,2005-10-01,189.36,248.51,275.48,72.63
Lime,2005-10-01,91.84,124.38,137.32,39.01
Beans,2005-11-01,63.82,83.16,83.19,19.35
Carrot,2005-11-01,95.99,134.83,134.73,38.79
Cabbage,2005-11-01,36.17,52.26,53.15,16.53
Tomato,2005-11-01,76.28,109.06,111.11,33.8
Brinjal,2005-11-01,46.86,61.41,61.53,14.61
Pumpkin,2005-11-01,28.61,38.61,39.96,10.68
Snake Gourd,2005-11-01,56.59,81.58,84.24,26.32
Green Chilli,2005-11-01,103.55,149.97,145.89,44.38
Lime,2005-11-01,110.83,143.53,148.42,35.14
Beans,2005-12-01,78.5,107.9,114.32,32.61
Carrot,2005-12-01,74.03,101.95,101.99,27.94
Cabbage,2005-12-01,34.36,44.74,47.04,11.53
Tomato,2005-12-01,69.54,99.31,100.24,30.23
Brinjal,2005-12-01,46.97,60.1,61.13,13.65
Pumpkin,2005-12-01,41.63,60.01,58.53,17.64
Snake Gourd,2005-12-01,57.4,77.5,82.42,22.56
Green Chilli,2005-12-01,97.28,130.54,137.1,36.54
Lime,2005-12-01,103.94,130.84,138.57,30.77
Beans,2006-01-01,88.28,114.62,131.72,34.89
Carrot,2006-01-01,71.33,102.74,106.92,33.5
Cabbage,2006-01-01,35.93,46.78,49.85,12.39
Tomato,2006-01-01,70.93,89.7,101.04,24.44
Brinjal,2006-01-01,61.56,88.13,91.65,28.33
Pumpkin,2006-01-01,45.12,61.11,67.48,19.18
Snake Gourd,2006-01-01,60.25,83.97,81.31,22.39
Green Chilli,2006-01-01,92.64,128.15,123.45,33.16
Lime,2006-01-01,110.55,138.46,143.91,30.64
Beans,2006-02-01,96.05,137.85,129.26,37.5
Carrot,2006-02-01,69.25,98.31,100.12,29.97
Cabbage,2006-02-01,29.83,39.85,39.83,10.01
Tomato,2006-02-01,64.27,84.05,88.66,22.09
Brinjal,2006-02-01,72.54,105.09,94.95,27.48
Pumpkin,2006-02-01,41.76,58.5,61.96,18.47
Snake Gourd,2006-02-01,53.92,73.62,73.95,19.87
Green Chilli,2006-02-01,110.11,145.53,157.6,41.45
Lime,2006-02-01,94.94,122.31,140.86,36.65
Beans,2006-03-01,58.77,73.92,76.82,16.6
Carrot,2006-03-01,95.57,136.03,129.64,37.27
Cabbage,2006-03-01,46.96,64.15,65.9,18.07
Tomato,2006-03-01,82.22,107.42,112.69,27.84
Brinjal,2006-03-01,79.08,106.38,110.67,29.45
Pumpkin,2006-03-01,43.22,59.13,57.79,15.24
Snake Gourd,2006-03-01,45.24,57.19,59.44,13.07
Green Chilli,2006-03-01,175.65,237.37,242.73,64.4
Lime,2006-03-01,88.41,122.78,128.57,37.27
Beans,2006-04-01,76.15,97.5,112.33,28.76
Carrot,2006-04-01,94.37,118.67,125.09,27.51
Cabbage,2006-04-01,45.79,57.24,63.34,14.5
Tomato,2006-04-01,85.96,112.68,115.71,28.24
Brinjal,2006-04-01,62.62,87.41,93.51,27.84
Pumpkin,2006-04-01,35.07,49.79,48.56,14.11
Snake Gourd,2006-04-01,49.83,65.53,71.88,18.88
Green Chilli,2006-04-01,162.43,232.34,237.37,72.42
Lime,2006-04-01,84.95,119.0,117.12,33.11
Beans,2006-05-01,84.48,114.8,121.81,33.82
Carrot,2006-05-01,97.93,137.7,138.74,40.29
Cabbage,2006-05-01,47.22,65.77,68.55,19.94
Tomato,2006-05-01,94.33,127.61,132.23,35.59
Brinjal,2006-05-01,76.26,102.37,113.19,31.52
Pumpkin,2006-05-01,36.96,51.59,54.42,16.05
Snake Gourd,2006-05-01,57.39,75.7,78.46,19.69
Green Chilli,2006-05-01,180.79,256.96,260.38,77.88
Lime,2006-05-01,96.56,130.28,132.88,35.02
Beans,2006-06-01,87.48,123.11,126.57,37.36
Carrot,2006-06-01,72.2,93.64,104.04,26.64
Cabbage,2006-06-01,55.58,75.55,83.0,23.7
Tomato,2006-06-01,101.71,144.69,135.87,38.57
Brinjal,2006-06-01,72.69,98.9,100.26,26.89
Pumpkin,2006-06-01,41.21,58.69,59.12,17.69
Snake Gourd,2006-06-01,57.54,74.81,81.99,20.86
Green Chilli,2006-06-01,167.51,219.02,228.04,56.02
Lime,2006-06-01,105.12,144.46,143.68,38.95
Beans,2006-07-01,85.99,120.97,116.7,32.85
Carrot,2006-07-01,72.43,100.47,98.97,27.29
Cabbage,2006-07-01,51.87,71.49,74.4,21.08
Tomato,2006-07-01,92.35,119.11,127.78,31.1
Brinjal,2006-07-01,71.13,92.84,98.61,24.6
Pumpkin,2006-07-01,47.26,59.71,66.34,15.77
Snake Gourd,2006-07-01,67.54,93.94,93.51,26.18
Green Chilli,2006-07-01,155.38,206.58,210.21,53.02
Lime,2006-07-01,94.69,123.81,135.53,34.98
Beans,2006-08-01,92.18,126.35,121.25,31.62
Carrot,2006-08-01,96.11,121.91,136.46,33.08
Cabbage,2006-08-01,53.88,74.34,72.93,19.76
Tomato,2006-08-01,97.94,134.37,133.45,35.97
Brinjal,2006-08-01,77.34,105.92,113.94,32.59
Pumpkin,2006-08-01,48.68,66.57,70.11,19.66
Snake Gourd,2006-08-01,64.21,85.5,83.67,20.38
Green Chilli,2006-08-01,165.24,238.2,228.0,67.86
Lime,2006-08-01,100.01,128.78,143.46,36.11
Beans,2006-09-01,87.43,122.37,129.65,38.58
Carrot,2006-09-01,99.24,129.18,137.63,34.17
Cabbage,2006-09-01,53.98,74.1,77.06,21.6
Tomato,2006-09-01,90.93,126.65,119.87,32.33
Brinjal,2006-09-01,73.91,92.59,99.75,22.26
Pumpkin,2006-09-01,48.68,63.49,65.69,15.91
Snake Gourd,2006-09-01,53.5,73.37,76.75,21.56
Green Chilli,2006-09-01,156.88,225.95,230.25,71.22
Lime,2006-09-01,83.11,114.14,120.39,34.16
Beans,2006-10-01,75.85,102.72,99.64,25.33
Carrot,2006-10-01,101.53,137.84,137.45,36.11
Cabbage,2006-10-01,55.39,79.16,79.39,23.88
Tomato,2006-10-01,112.55,146.28,162.19,41.69
Brinjal,2006-10-01,57.51,76.98,82.23,22.1
Pumpkin,2006-10-01,35.11,45.11,47.76,11.32
Snake Gourd,2006-10-01,42.32,53.38,59.17,13.96
Green Chilli,2006-10-01,183.43,244.32,262.49,69.97
Lime,2006-10-01,87.27,111.87,116.25,26.79
Beans,2006-11-01,74.14,105.75,108.45,32.96
Carrot,2006-11-01,94.96,120.8,128.94,29.91
Cabbage,2006-11-01,35.61,48.33,48.83,12.97
Tomato,2006-11-01,80.94,114.59,118.0,35.36
Brinjal,2006-11-01,55.59,75.11,82.73,23.33
Pumpkin,2006-11-01,32.51,42.51,44.82,11.16
Snake Gourd,2006-11-01,56.27,80.0,80.77,24.11
Green Chilli,2006-11-01,116.3,165.35,168.6,50.67
Lime,2006-11-01,103.14,142.82,137.78,37.16
Beans,2006-12-01,97.06,125.78,128.46,30.06
Carrot,2006-12-01,73.36,94.07,96.59,21.97
Cabbage,2006-12-01,38.59,49.52,57.04,14.69
Tomato,2006-12-01,65.99,85.42,92.64,23.04
Brinjal,2006-12-01,61.48,79.87,80.63,18.77
Pumpkin,2006-12-01,45.47,65.57,64.72,19.67
Snake Gourd,2006-12-01,60.18,80.23,83.4,21.64
Green Chilli,2006-12-01,120.46,154.71,168.65,41.22
Lime,2006-12-01,122.83,174.92,175.19,52.22
Beans,2007-01-01,95.97,122.21,131.23,30.75
Carrot,2007-01-01,67.52,93.75,90.56,24.64
Cabbage,2007-01-01,35.76,48.33,49.49,13.15
Tomato,2007-01-01,70.03,98.64,92.01,25.3
Brinjal,2007-01-01,73.11,101.46,98.75,26.99
Pumpkin,2007-01-01,50.48,70.4,71.03,20.24
Snake Gourd,2007-01-01,67.29,90.64,91.97,24.01
Green Chilli,2007-01-01,120.35,161.3,160.87,40.74
Lime,2007-01-01,115.98,146.73,159.77,37.27
Beans,2007-02-01,104.45,149.4,140.04,40.27
Carrot,2007-02-01,70.93,96.35,105.94,30.21
Cabbage,2007-02-01,37.07,51.14,48.74,12.87
Tomato,2007-02-01,70.42,102.07,99.42,30.32
Brinjal,2007-02-01,83.46,108.0,114.35,27.72
Pumpkin,2007-02-01,48.17,64.68,69.58,18.96
Snake Gourd,2007-02-01,61.75,85.94,80.38,21.41
Green Chilli,2007-02-01,104.0,130.11,151.93,37.02
Lime,2007-02-01,136.28,185.3,178.98,45.86
Beans,2007-03-01,86.41,121.0,126.21,37.2
Carrot,2007-03-01,107.46,137.34,154.12,38.27
Cabbage,2007-03-01,51.75,66.71,76.49,19.85
Tomato,2007-03-01,78.51,112.4,113.98,34.68
Brinjal,2007-03-01,81.91,111.87,116.84,32.45
Pumpkin,2007-03-01,49.38,66.41,71.27,19.46
Snake Gourd,2007-03-01,47.18,61.25,63.36,15.12
Green Chilli,2007-03-01,162.35,232.42,227.52,67.62
Lime,2007-03-01,92.44,122.63,135.37,36.56
Beans,2007-04-01,74.67,105.23,101.13,28.51
Carrot,2007-04-01,106.94,147.29,145.96,39.69
Cabbage,2007-04-01,52.95,68.21,76.19,19.25
Tomato,2007-04-01,83.11,114.89,121.59,35.13
Brinjal,2007-04-01,82.36,115.48,110.16,30.46
Pumpkin,2007-04-01,31.41,41.98,41.41,10.28
Snake Gourd,2007-04-01,55.66,69.95,82.15,20.39
Green Chilli,2007-04-01,166.64,230.52,227.4,62.32
Lime,2007-04-01,96.81,138.21,132.15,38.37
Beans,2007-05-01,95.66,130.61,125.64,32.47
Carrot,2007-05-01,106.37,154.21,145.23,43.35
Cabbage,2007-05-01,57.85,83.86,78.0,23.08
Tomato,2007-05-01,96.13,128.07,127.47,31.64
Brinjal,2007-05-01,83.25,113.49,113.43,30.21
Pumpkin,2007-05-01,35.15,45.57,45.8,10.54
Snake Gourd,2007-05-01,73.69,92.69,108.13,26.72
Green Chilli,2007-05-01,193.22,263.3,275.32,76.09
Lime,2007-05-01,108.93,157.75,158.1,48.99
Beans,2007-06-01,110.81,154.19,152.68,42.62
Carrot,2007-06-01,79.63,114.33,108.96,32.02
Cabbage,2007-06-01,55.89,72.23,83.79,22.12
Tomato,2007-06-01,110.62,154.1,156.93,44.89
Brinjal,2007-06-01,80.01,107.29,114.81,31.04
Pumpkin,2007-06-01,53.98,69.28,75.58,18.45
Snake Gourd,2007-06-01,65.77,91.38,94.03,26.94
Green Chilli,2007-06-01,183.6,251.51,245.27,64.79
Lime,2007-06-01,107.9,144.7,154.68,41.79
Beans,2007-07-01,104.74,145.58,153.72,44.91
Carrot,2007-07-01,89.65,129.29,126.15,38.07
Cabbage,2007-07-01,50.36,68.72,68.26,18.13
Tomato,2007-07-01,99.04,135.35,140.49,38.88
Brinjal,2007-07-01,73.49,100.78,108.49,31.15
Pumpkin,2007-07-01,52.38,72.38,70.31,18.96
Snake Gourd,2007-07-01,66.92,93.52,90.83,25.25
Green Chilli,2007-07-01,194.5,281.92,254.02,73.47
Lime,2007-07-01,122.04,163.9,179.34,49.58
Beans,2007-08-01,96.73,127.4,127.05,30.49
Carrot,2007-08-01,113.8,163.6,149.88,42.94
Cabbage,2007-08-01,56.26,71.12,75.51,17.06
Tomato,2007-08-01,83.3,105.81,111.08,25.15
Brinjal,2007-08-01,76.86,111.03,111.59,34.45
Pumpkin,2007-08-01,46.46,65.49,63.43,18.0
Snake Gourd,2007-08-01,63.12,81.84,83.69,19.65
Green Chilli,2007-08-01,200.25,252.82,268.76,60.54
Lime,2007-08-01,108.16,138.38,148.02,35.04
Beans,2007-09-01,86.61,118.02,126.52,35.66
Carrot,2007-09-01,102.27,139.72,143.29,39.23
Cabbage,2007-09-01,47.62,64.17,62.69,15.81
Tomato,2007-09-01,105.18,137.92,154.03,40.79
Brinjal,2007-09-01,71.11,99.2,100.61,28.8
Pumpkin,2007-09-01,42.9,60.29,63.17,18.83
Snake Gourd,2007-09-01,56.73,82.14,83.84,26.26
Green Chilli,2007-09-01,186.72,240.69,261.01,64.13
Lime,2007-09-01,70.92,100.54,97.32,28.01
Beans,2007-10-01,72.99,97.18,99.68,25.44
Carrot,2007-10-01,102.75,132.47,153.13,40.05
Cabbage,2007-10-01,55.7,75.95,78.86,21.7
Tomato,2007-10-01,89.89,122.3,123.55,33.03
Brinjal,2007-10-01,72.11,92.17,101.98,24.97
Pumpkin,2007-10-01,33.26,43.26,48.73,12.73
Snake Gourd,2007-10-01,48.87,70.15,73.01,22.71
Green Chilli,2007-10-01,185.53,261.51,254.82,72.63
Lime,2007-10-01,84.71,115.32,124.44,35.17
Beans,2007-11-01,86.38,111.78,116.06,27.54
Carrot,2007-11-01,102.7,133.5,138.92,33.51
Cabbage,2007-11-01,36.47,50.16,52.88,15.05
Tomato,2007-11-01,100.48,134.81,137.68,35.77
Brinjal,2007-11-01,70.91,89.21,96.32,21.85
Pumpkin,2007-11-01,36.15,46.91,53.56,14.09
Snake Gourd,2007-11-01,76.12,97.5,106.37,25.81
Green Chilli,2007-11-01,117.16,160.44,175.73,50.92
Lime,2007-11-01,131.04,168.27,171.15,38.67
Beans,2007-12-01,97.24,128.17,136.34,35.02
Carrot,2007-12-01,81.35,109.84,106.57,26.86
Cabbage,2007-12-01,38.56,52.45,53.51,14.42
Tomato,2007-12-01,69.66,87.77,100.65,24.55
Brinjal,2007-12-01,65.49,89.83,88.82,23.84
Pumpkin,2007-12-01,56.29,74.78,81.63,21.91
Snake Gourd,2007-12-01,63.67,89.43,85.79,23.94
Green Chilli,2007-12-01,133.44,177.14,175.24,42.75
Lime,2007-12-01,115.6,163.62,162.41,47.42
Beans,2008-01-01,99.02,124.37,147.77,37.05
Carrot,2008-01-01,74.2,106.6,100.4,29.3
Cabbage,2008-01-01,35.92,50.99,53.5,16.32
Tomato,2008-01-01,87.7,122.59,118.88,33.03
Brinjal,2008-01-01,73.88,101.55,110.67,32.23
Pumpkin,2008-01-01,56.68,74.7,74.58,17.96
Snake Gourd,2008-01-01,63.72,90.29,94.76,28.81
Green Chilli,2008-01-01,103.82,137.51,154.25,42.06
Lime,2008-01-01,105.13,151.77,146.06,43.79
Beans,2008-02-01,106.31,138.13,148.22,36.86
Carrot,2008-02-01,87.89,120.02,130.15,37.2
Cabbage,2008-02-01,43.76,61.33,57.37,15.59
Tomato,2008-02-01,77.39,103.1,106.84,27.58
Brinjal,2008-02-01,78.0,111.47,115.58,35.52
Pumpkin,2008-02-01,48.05,61.89,64.24,15.02
Snake Gourd,2008-02-01,73.14,97.71,107.24,29.33
Green Chilli,2008-02-01,116.9,152.86,163.49,41.28
Lime,2008-02-01,133.47,182.75,185.09,50.45
Beans,2008-03-01,81.87,117.11,112.06,32.71
Carrot,2008-03-01,103.14,142.51,153.3,44.77
Cabbage,2008-03-01,68.53,97.98,94.56,27.74
Tomato,2008-03-01,81.56,102.13,119.51,29.26
Brinjal,2008-03-01,87.15,117.02,115.36,29.04
Pumpkin,2008-03-01,52.32,67.65,68.72,15.87
Snake Gourd,2008-03-01,56.75,72.11,75.73,17.17
Green Chilli,2008-03-01,232.23,304.05,345.48,92.54
Lime,2008-03-01,98.46,129.92,128.99,31.0
Beans,2008-04-01,83.84,116.4,116.67,32.7
Carrot,2008-04-01,95.65,130.61,131.22,35.27
Cabbage,2008-04-01,62.89,88.94,87.76,25.46
Tomato,2008-04-01,111.05,146.1,149.01,36.5
Brinjal,2008-04-01,79.83,107.24,111.48,29.53
Pumpkin,2008-04-01,38.9,54.91,56.98,17.04
Snake Gourd,2008-04-01,48.53,65.12,66.03,17.05
Green Chilli,2008-04-01,215.35,270.59,300.44,70.16
Lime,2008-04-01,111.24,142.64,159.22,39.69
Beans,2008-05-01,124.72,157.61,172.55,40.36
Carrot,2008-05-01,111.6,153.18,166.03,48.01
Cabbage,2008-05-01,58.04,78.94,80.13,21.49
Tomato,2008-05-01,100.78,142.4,143.35,42.09
Brinjal,2008-05-01,82.14,108.51,113.57,28.9
Pumpkin,2008-05-01,39.2,54.16,51.51,13.63
Snake Gourd,2008-05-01,67.45,95.47,88.25,24.41
Green Chilli,2008-05-01,193.29,248.11,285.27,73.4
Lime,2008-05-01,97.71,136.43,145.75,43.38
Beans,2008-06-01,91.81,131.03,136.51,41.96
Carrot,2008-06-01,95.98,127.72,139.22,37.49
Cabbage,2008-06-01,65.25,90.4,90.42,25.16
Tomato,2008-06-01,103.31,146.35,145.47,42.6
Brinjal,2008-06-01,90.21,120.54,124.11,32.12
Pumpkin,2008-06-01,60.25,81.14,84.52,22.58
Snake Gourd,2008-06-01,66.89,91.28,91.31,24.41
Green Chilli,2008-06-01,214.22,282.59,307.24,80.69
Lime,2008-06-01,115.88,166.79,159.92,47.47
Beans,2008-07-01,110.6,152.84,159.0,45.32
Carrot,2008-07-01,77.01,110.72,102.9,29.8
Cabbage,2008-07-01,56.0,76.12,77.47,20.8
Tomato,2008-07-01,93.27,119.78,129.05,31.15
Brinjal,2008-07-01,82.61,103.54,118.33,28.33
Pumpkin,2008-07-01,54.99,70.53,74.06,17.3
Snake Gourd,2008-07-01,66.43,94.58,98.67,30.19
Green Chilli,2008-07-01,194.08,244.56,253.83,55.11
Lime,2008-07-01,117.79,160.98,153.39,39.39
Beans,2008-08-01,110.13,144.41,144.06,34.11
Carrot,2008-08-01,116.62,158.47,158.03,41.63
Cabbage,2008-08-01,59.88,78.1,88.67,23.5
Tomato,2008-08-01,98.7,131.79,144.74,39.56
Brinjal,2008-08-01,90.03,116.58,121.11,28.81
Pumpkin,2008-08-01,48.38,68.9,63.7,17.92
Snake Gourd,2008-08-01,66.43,93.03,87.04,23.6
Green Chilli,2008-08-01,174.07,231.32,244.74,63.96
Lime,2008-08-01,112.08,152.92,163.76,46.26
Beans,2008-09-01,110.0,143.4,150.94,37.17
Carrot,2008-09-01,110.75,153.49,145.23,38.61
Cabbage,2008-09-01,63.4,81.7,90.55,22.73
Tomato,2008-09-01,96.4,137.58,142.59,43.69
Brinjal,2008-09-01,84.5,109.69,121.21,30.95
Pumpkin,2008-09-01,51.34,71.09,75.21,21.81
Snake Gourd,2008-09-01,57.99,76.67,83.17,21.93
Green Chilli,2008-09-01,190.79,241.59,285.9,72.95
Lime,2008-09-01,100.37,137.06,147.87,42.09
Beans,2008-10-01,94.27,126.66,134.23,36.17
Carrot,2008-10-01,96.25,131.17,141.5,40.08
Cabbage,2008-10-01,54.03,77.63,77.69,23.63
Tomato,2008-10-01,121.56,152.34,177.92,43.57
Brinjal,2008-10-01,74.16,105.9,111.12,34.35
Pumpkin,2008-10-01,41.56,54.05,61.22,16.07
Snake Gourd,2008-10-01,51.48,65.65,77.01,19.85
Green Chilli,2008-10-01,206.33,285.83,292.75,82.96
Lime,2008-10-01,106.59,147.79,150.83,42.72
Beans,2008-11-01,94.76,122.74,136.31,34.76
Carrot,2008-11-01,104.77,144.07,151.86,43.2
Cabbage,2008-11-01,42.52,53.53,61.52,15.0
Tomato,2008-11-01,108.0,145.34,160.46,44.9
Brinjal,2008-11-01,72.61,91.95,98.15,22.44
Pumpkin,2008-11-01,38.24,52.63,52.97,14.56
Snake Gourd,2008-11-01,69.65,96.31,103.99,30.5
Green Chilli,2008-11-01,113.63,162.27,160.83,47.92
Lime,2008-11-01,115.11,145.96,163.48,39.61
Beans,2008-12-01,110.98,159.08,153.3,45.21
Carrot,2008-12-01,74.8,101.36,107.68,29.72
Cabbage,2008-12-01,47.28,66.59,67.86,19.95
Tomato,2008-12-01,82.4,103.02,111.6,24.91
Brinjal,2008-12-01,76.04,105.12,108.49,30.76
Pumpkin,2008-12-01,63.27,86.13,86.59,23.09
Snake Gourd,2008-12-01,64.0,81.21,93.84,23.52
Green Chilli,2008-12-01,136.96,182.21,198.02,53.16
Lime,2008-12-01,127.61,162.53,165.89,36.6
Beans,2009-01-01,102.78,128.74,144.72,33.95
Carrot,2009-01-01,83.4,120.22,117.86,35.64
Cabbage,2009-01-01,41.75,55.36,59.34,15.6
Tomato,2009-01-01,75.65,98.2,99.78,23.34
Brinjal,2009-01-01,75.45,102.34,111.27,31.35
Pumpkin,2009-01-01,61.79,84.44,90.37,25.62
Snake Gourd,2009-01-01,67.78,93.84,97.36,27.82
Green Chilli,2009-01-01,114.07,145.63,162.72,40.11
Lime,2009-01-01,136.7,190.03,198.31,57.47
Beans,2009-02-01,123.4,166.59,178.44,49.11
Carrot,2009-02-01,83.68,114.93,123.01,35.29
Cabbage,2009-02-01,34.09,44.09,50.89,13.4
Tomato,2009-02-01,95.3,129.44,125.53,32.19
Brinjal,2009-02-01,85.59,108.79,121.29,29.45
Pumpkin,2009-02-01,61.47,86.92,80.42,22.2
Snake Gourd,2009-02-01,66.35,92.08,89.6,24.49
Green Chilli,2009-02-01,141.0,199.09,199.74,58.42
Lime,2009-02-01,127.53,168.72,182.14,47.9
Beans,2009-03-01,95.68,130.25,131.25,35.07
Carrot,2009-03-01,111.71,140.11,152.28,34.49
Cabbage,2009-03-01,61.7,81.21,88.55,23.18
Tomato,2009-03-01,88.6,124.15,123.23,35.09
Brinjal,2009-03-01,94.34,136.21,129.77,38.65
Pumpkin,2009-03-01,51.7,68.13,72.44,18.58
Snake Gourd,2009-03-01,47.21,62.8,62.46,15.42
Green Chilli,2009-03-01,216.37,288.41,298.04,76.86
Lime,2009-03-01,117.6,148.45,172.02,42.64
Beans,2009-04-01,89.76,123.85,133.82,39.07
Carrot,2009-04-01,135.62,185.3,187.2,50.63
Cabbage,2009-04-01,57.63,73.5,79.43,18.84
Tomato,2009-04-01,99.22,125.19,139.95,33.35
Brinjal,2009-04-01,99.55,141.8,140.9,41.8
Pumpkin,2009-04-01,41.98,53.14,59.32,14.25
Snake Gourd,2009-04-01,67.64,89.91,91.94,23.28
Green Chilli,2009-04-01,207.2,283.68,272.7,70.99
Lime,2009-04-01,94.39,132.24,133.78,38.62
Beans,2009-05-01,118.72,163.36,174.01,49.97
Carrot,2009-05-01,112.42,146.75,167.3,44.61
Cabbage,2009-05-01,61.79,77.74,85.34,19.75
Tomato,2009-05-01,102.83,140.48,152.93,43.88
Brinjal,2009-05-01,106.15,152.87,138.46,39.52
Pumpkin,2009-05-01,44.91,56.91,65.7,16.4
Snake Gourd,2009-05-01,72.91,100.53,100.34,27.53
Green Chilli,2009-05-01,192.3,263.43,284.7,81.76
Lime,2009-05-01,97.53,122.86,142.79,35.29
Beans,2009-06-01,106.16,145.18,145.51,39.19
Carrot,2009-06-01,99.55,137.01,145.03,41.47
Cabbage,2009-06-01,63.59,84.75,94.85,26.21
Tomato,2009-06-01,98.86,135.95,139.82,39.02
Brinjal,2009-06-01,97.63,123.2,138.72,33.33
Pumpkin,2009-06-01,53.64,74.2,70.59,18.76
Snake Gourd,2009-06-01,76.06,97.56,101.68,23.56
Green Chilli,2009-06-01,206.88,275.06,290.12,75.71
Lime,2009-06-01,123.34,163.62,181.04,48.99
Beans,2009-07-01,108.84,137.6,153.98,36.95
Carrot,2009-07-01,88.45,126.09,124.85,37.02
Cabbage,2009-07-01,76.17,95.91,113.43,28.5
Tomato,2009-07-01,119.41,156.35,157.08,37.31
Brinjal,2009-07-01,82.13,108.55,123.02,33.66
Pumpkin,2009-07-01,61.75,88.91,82.04,23.73
Snake Gourd,2009-07-01,70.61,88.32,101.26,24.18
Green Chilli,2009-07-01,232.07,309.15,324.42,84.72
Lime,2009-07-01,125.64,175.36,171.26,47.67
Beans,2009-08-01,123.29,159.95,162.67,38.02
Carrot,2009-08-01,121.67,165.4,169.73,45.89
Cabbage,2009-08-01,70.71,89.42,95.89,21.95
Tomato,2009-08-01,114.64,162.34,154.18,43.62
Brinjal,2009-08-01,93.83,124.98,140.34,38.83
Pumpkin,2009-08-01,55.9,78.05,77.37,21.81
Snake Gourd,2009-08-01,83.52,118.31,122.01,36.64
Green Chilli,2009-08-01,241.51,308.65,334.05,79.84
Lime,2009-08-01,122.29,162.71,171.69,44.91
Beans,2009-09-01,128.28,170.51,170.18,42.06
Carrot,2009-09-01,108.56,156.31,160.23,49.71
Cabbage,2009-09-01,72.67,97.87,100.55,26.54
Tomato,2009-09-01,100.48,137.53,142.19,39.38
Brinjal,2009-09-01,115.78,157.93,155.38,40.88
Pumpkin,2009-09-01,55.56,69.73,76.17,17.39
Snake Gourd,2009-09-01,53.93,74.91,76.23,21.64
Green Chilli,2009-09-01,246.84,344.84,351.01,101.08
Lime,2009-09-01,98.7,131.65,140.14,37.19
Beans,2009-10-01,92.07,120.39,119.81,28.03
Carrot,2009-10-01,129.91,163.01,184.08,43.64
Cabbage,2009-10-01,61.24,78.69,85.39,20.8
Tomato,2009-10-01,116.45,155.05,163.53,42.84
Brinjal,2009-10-01,98.85,127.44,128.95,29.34
Pumpkin,2009-10-01,49.51,67.8,72.39,20.59
Snake Gourd,2009-10-01,61.28,85.79,90.85,27.04
Green Chilli,2009-10-01,223.48,288.23,301.56,71.42
Lime,2009-10-01,94.43,128.52,133.86,36.76
Beans,2009-11-01,91.24,115.65,121.75,27.46
Carrot,2009-11-01,123.09,159.13,166.99,39.97
Cabbage,2009-11-01,47.3,66.68,70.31,21.2
Tomato,2009-11-01,119.25,152.73,176.16,45.19
Brinjal,2009-11-01,95.42,132.23,141.83,41.61
Pumpkin,2009-11-01,50.02,69.73,67.9,18.8
Snake Gourd,2009-11-01,78.16,101.15,103.77,24.3
Green Chilli,2009-11-01,164.17,221.63,235.58,64.44
Lime,2009-11-01,132.56,173.99,183.22,46.05
Beans,2009-12-01,128.29,185.42,183.34,56.09
Carrot,2009-12-01,102.01,143.14,146.72,42.92
Cabbage,2009-12-01,44.11,58.61,58.5,14.45
Tomato,2009-12-01,92.04,118.86,128.94,31.86
Brinjal,2009-12-01,93.4,124.74,133.47,35.7
Pumpkin,2009-12-01,61.07,79.63,81.82,19.65
Snake Gourd,2009-12-01,70.79,101.36,97.27,28.52
Green Chilli,2009-12-01,137.76,173.92,192.48,45.44
Lime,2009-12-01,112.52,146.24,153.41,37.31
Beans,2010-01-01,122.84,174.65,180.75,54.86
Carrot,2010-01-01,98.42,125.91,141.53,35.3
Cabbage,2010-01-01,42.57,57.47,60.84,16.59
Tomato,2010-01-01,95.87,122.14,130.61,30.51
Brinjal,2010-01-01,85.2,117.79,123.57,35.48
Pumpkin,2010-01-01,66.21,95.29,90.22,26.55
Snake Gourd,2010-01-01,83.34,116.54,119.64,34.75
Green Chilli,2010-01-01,135.19,192.59,180.31,51.26
Lime,2010-01-01,121.91,173.09,167.83,48.55
Beans,2010-02-01,139.94,198.34,197.28,57.87
Carrot,2010-02-01,88.02,120.66,122.54,33.58
Cabbage,2010-02-01,52.96,74.99,76.36,22.71
Tomato,2010-02-01,87.22,121.18,119.72,33.23
Brinjal,2010-02-01,111.87,156.07,147.95,40.14
Pumpkin,2010-02-01,62.85,86.5,85.11,22.95
Snake Gourd,2010-02-01,78.94,113.55,107.33,31.5
Green Chilli,2010-02-01,147.02,184.09,207.13,48.59
Lime,2010-02-01,128.6,170.24,176.37,44.71
Beans,2010-03-01,77.57,110.61,108.68,32.08
Carrot,2010-03-01,132.64,169.47,198.5,51.35
Cabbage,2010-03-01,64.04,87.68,88.57,24.08
Tomato,2010-03-01,83.41,117.36,111.7,31.12
Brinjal,2010-03-01,96.19,129.05,129.98,33.33
Pumpkin,2010-03-01,74.43,100.67,101.54,26.67
Snake Gourd,2010-03-01,63.09,90.48,86.37,25.34
Green Chilli,2010-03-01,229.35,296.06,317.36,77.36
Lime,2010-03-01,105.53,135.45,139.73,32.06
Beans,2010-04-01,102.89,143.51,152.87,45.3
Carrot,2010-04-01,123.44,162.91,169.73,42.88
Cabbage,2010-04-01,60.33,84.08,79.76,21.59
Tomato,2010-04-01,110.89,156.41,151.73,43.18
Brinjal,2010-04-01,99.49,137.81,139.46,39.15
Pumpkin,2010-04-01,47.14,68.25,65.84,19.91
Snake Gourd,2010-04-01,73.62,103.14,99.37,27.63
Green Chilli,2010-04-01,251.09,331.22,326.77,77.91
Lime,2010-04-01,98.8,128.14,144.62,37.58
Beans,2010-05-01,115.76,150.11,152.07,35.33
Carrot,2010-05-01,113.4,154.35,154.03,40.79
Cabbage,2010-05-01,69.49,99.44,97.19,28.83
Tomato,2010-05-01,112.35,142.84,167.48,42.81
Brinjal,2010-05-01,93.25,122.54,124.29,30.17
Pumpkin,2010-05-01,43.75,55.76,62.43,15.34
Snake Gourd,2010-05-01,81.43,110.66,107.13,27.46
Green Chilli,2010-05-01,250.34,325.29,368.48,96.55
Lime,2010-05-01,114.64,164.73,169.88,52.66
Beans,2010-06-01,132.45,189.09,177.46,50.83
Carrot,2010-06-01,83.93,111.51,118.25,30.95
Cabbage,2010-06-01,55.87,77.56,74.5,20.16
Tomato,2010-06-01,128.9,180.19,184.21,53.3
Brinjal,2010-06-01,103.4,140.56,136.23,34.99
Pumpkin,2010-06-01,61.4,80.11,91.56,24.44
Snake Gourd,2010-06-01,83.02,109.63,108.64,26.12
Green Chilli,2010-06-01,249.36,318.74,362.25,91.13
Lime,2010-06-01,124.92,180.67,171.93,51.38
Beans,2010-07-01,145.02,186.84,192.76,44.78
Carrot,2010-07-01,86.11,123.44,127.23,39.23
Cabbage,2010-07-01,60.13,82.81,82.45,22.5
Tomato,2010-07-01,104.44,143.01,152.78,43.45
Brinjal,2010-07-01,103.07,133.73,140.17,33.88
Pumpkin,2010-07-01,64.25,88.03,92.47,26.0
Snake Gourd,2010-07-01,77.55,104.21,113.24,31.17
Green Chilli,2010-07-01,251.04,319.32,370.72,93.98
Lime,2010-07-01,117.17,147.77,166.61,40.02
Beans,2010-08-01,140.48,186.47,184.89,45.2
Carrot,2010-08-01,117.12,167.74,152.4,42.95
Cabbage,2010-08-01,64.76,82.55,88.17,20.6
Tomato,2010-08-01,128.99,175.34,190.5,53.93
Brinjal,2010-08-01,100.37,136.19,134.4,34.92
Pumpkin,2010-08-01,62.28,82.48,90.43,24.18
Snake Gourd,2010-08-01,84.89,122.28,122.89,37.7
Green Chilli,2010-08-01,250.86,324.96,363.44,93.34
Lime,2010-08-01,115.88,154.67,158.57,40.74
Beans,2010-09-01,129.84,171.43,192.41,52.08
Carrot,2010-09-01,98.01,137.45,143.33,42.38
Cabbage,2010-09-01,71.52,94.6,104.33,27.95
Tomato,2010-09-01,121.11,166.48,175.41,49.83
Brinjal,2010-09-01,106.76,134.54,147.37,34.19
Pumpkin,2010-09-01,73.01,97.84,105.85,28.83
Snake Gourd,2010-09-01,58.14,81.39,81.93,23.52
Green Chilli,2010-09-01,255.31,334.04,370.13,96.78
Lime,2010-09-01,98.23,140.43,138.01,40.99
Beans,2010-10-01,85.61,111.33,118.94,29.52
Carrot,2010-10-01,130.7,185.31,184.3,54.11
Cabbage,2010-10-01,58.35,81.43,82.86,23.8
Tomato,2010-10-01,103.75,143.14,136.3,35.97
Brinjal,2010-10-01,99.6,126.88,136.01,31.84
Pumpkin,2010-10-01,43.1,57.96,63.4,17.58
Snake Gourd,2010-10-01,71.95,102.45,94.8,26.67
Green Chilli,2010-10-01,258.83,345.81,345.05,86.6
Lime,2010-10-01,110.99,150.62,158.39,43.52
Beans,2010-11-01,109.46,155.61,156.9,46.8
Carrot,2010-11-01,108.23,155.92,156.27,47.86
Cabbage,2010-11-01,42.43,53.49,61.32,14.98
Tomato,2010-11-01,118.51,155.31,166.68,42.48
Brinjal,2010-11-01,83.47,110.68,118.81,31.28
Pumpkin,2010-11-01,52.37,73.08,77.74,23.04
Snake Gourd,2010-11-01,76.33,105.59,108.75,30.84
Green Chilli,2010-11-01,172.41,232.4,242.36,64.97
Lime,2010-11-01,115.41,162.85,154.32,43.17
Beans,2010-12-01,132.26,176.86,189.35,50.85
Carrot,2010-12-01,97.75,128.97,145.31,39.39
Cabbage,2010-12-01,42.54,57.45,58.09,15.23
Tomato,2010-12-01,94.2,124.09,139.8,37.75
Brinjal,2010-12-01,85.4,116.19,123.67,34.53
Pumpkin,2010-12-01,80.17,104.01,111.97,27.82
Snake Gourd,2010-12-01,86.0,108.79,113.63,25.21
Green Chilli,2010-12-01,166.18,224.51,241.58,66.86
Lime,2010-12-01,121.97,166.53,161.47,42.03
Beans,2011-01-01,144.34,188.0,199.82,49.57
Carrot,2011-01-01,88.85,119.04,125.77,33.56
Cabbage,2011-01-01,42.33,53.82,58.13,13.65
Tomato,2011-01-01,80.8,113.39,120.65,36.22
Brinjal,2011-01-01,98.07,136.33,133.09,36.64
Pumpkin,2011-01-01,74.28,99.62,103.72,27.39
Snake Gourd,2011-01-01,79.33,113.83,104.02,29.59
Green Chilli,2011-01-01,151.06,216.4,214.82,64.55
Lime,2011-01-01,124.51,176.86,175.79,51.81
Beans,2011-02-01,123.86,157.29,161.42,35.49
Carrot,2011-02-01,112.37,142.25,161.43,39.47
Cabbage,2011-02-01,43.3,59.11,57.38,14.95
Tomato,2011-02-01,90.13,128.52,128.86,38.56
Brinjal,2011-02-01,127.94,175.88,169.68,44.84
Pumpkin,2011-02-01,71.19,93.27,95.17,23.03
Snake Gourd,2011-02-01,94.26,126.76,126.79,32.52
Green Chilli,2011-02-01,170.87,229.6,227.19,57.52
Lime,2011-02-01,134.1,173.23,177.83,41.43
Beans,2011-03-01,104.01,141.77,135.65,34.7
Carrot,2011-03-01,139.95,187.42,204.79,56.16
Cabbage,2011-03-01,71.8,102.86,98.91,29.09
Tomato,2011-03-01,90.09,115.02,133.97,34.4
Brinjal,2011-03-01,116.31,153.84,173.03,47.12
Pumpkin,2011-03-01,69.54,91.54,100.15,26.3
Snake Gourd,2011-03-01,72.26,91.25,99.53,23.13
Green Chilli,2011-03-01,278.01,364.44,416.07,112.25
Lime,2011-03-01,119.57,159.85,176.24,48.48
Beans,2011-04-01,103.88,149.54,139.59,40.69
Carrot,2011-04-01,123.07,168.81,170.93,46.8
Cabbage,2011-04-01,78.68,101.94,103.2,23.89
Tomato,2011-04-01,109.06,144.06,150.5,38.22
Brinjal,2011-04-01,110.49,151.0,163.18,46.6
Pumpkin,2011-04-01,53.71,71.64,77.35,20.78
Snake Gourd,2011-04-01,72.27,97.63,94.06,23.58
Green Chilli,2011-04-01,270.64,358.23,404.83,110.89
Lime,2011-04-01,108.3,146.25,160.5,45.08
Beans,2011-05-01,157.7,224.39,219.42,64.2
Carrot,2011-05-01,135.33,179.61,202.09,55.52
Cabbage,2011-05-01,66.34,90.22,91.78,24.66
Tomato,2011-05-01,127.34,164.37,186.59,48.14
Brinjal,2011-05-01,98.24,132.02,144.57,40.06
Pumpkin,2011-05-01,49.09,63.25,65.08,15.07
Snake Gourd,2011-05-01,84.07,108.91,112.09,26.43
Green Chilli,2011-05-01,299.47,430.63,409.86,120.77
Lime,2011-05-01,100.62,143.71,140.07,41.27
Beans,2011-06-01,142.8,206.59,187.07,54.03
Carrot,2011-06-01,85.95,110.61,112.41,25.56
Cabbage,2011-06-01,71.27,100.13,94.57,26.08
Tomato,2011-06-01,111.29,139.72,162.12,39.63
Brinjal,2011-06-01,130.37,182.83,192.77,57.43
Pumpkin,2011-06-01,60.18,79.91,88.92,24.23
Snake Gourd,2011-06-01,108.17,142.48,153.93,40.03
Green Chilli,2011-06-01,289.83,388.54,392.93,100.91
Lime,2011-06-01,144.43,184.66,204.51,50.15
Beans,2011-07-01,132.9,192.67,174.23,50.55
Carrot,2011-07-01,86.74,109.86,115.44,25.91
Cabbage,2011-07-01,60.0,78.8,79.04,18.92
Tomato,2011-07-01,124.02,179.0,184.66,57.81
Brinjal,2011-07-01,123.74,154.83,180.92,44.14
Pumpkin,2011-07-01,74.47,94.45,99.22,22.37
Snake Gourd,2011-07-01,87.93,114.44,122.22,30.4
Green Chilli,2011-07-01,284.62,397.51,426.67,127.47
Lime,2011-07-01,154.05,205.06,205.48,51.22
Beans,2011-08-01,175.41,249.2,245.52,71.95
Carrot,2011-08-01,137.48,190.96,192.89,54.45
Cabbage,2011-08-01,64.9,89.06,89.19,24.22
Tomato,2011-08-01,124.53,164.3,172.64,43.94
Brinjal,2011-08-01,108.92,146.7,158.89,43.87
Pumpkin,2011-08-01,77.77,100.92,104.59,24.99
Snake Gourd,2011-08-01,84.07,109.47,109.44,25.39
Green Chilli,2011-08-01,218.78,315.79,309.41,93.82
Lime,2011-08-01,144.8,185.04,204.72,50.08
Beans,2011-09-01,167.83,222.28,221.28,53.95
Carrot,2011-09-01,140.46,186.66,206.96,56.35
Cabbage,2011-09-01,64.59,92.31,96.45,29.79
Tomato,2011-09-01,113.41,149.04,159.37,40.8
Brinjal,2011-09-01,129.16,162.78,169.18,36.82
Pumpkin,2011-09-01,65.73,86.81,89.6,22.47
Snake Gourd,2011-09-01,63.82,83.73,95.41,25.75
Green Chilli,2011-09-01,266.19,356.41,376.74,100.39
Lime,2011-09-01,121.05,168.65,172.07,49.31
Beans,2011-10-01,102.41,141.88,134.45,35.75
Carrot,2011-10-01,127.08,180.24,165.98,46.03
Cabbage,2011-10-01,77.55,104.08,104.19,26.59
Tomato,2011-10-01,117.88,161.97,166.09,46.15
Brinjal,2011-10-01,88.85,116.21,119.75,29.13
Pumpkin,2011-10-01,56.27,72.78,77.28,18.76
Snake Gourd,2011-10-01,65.2,94.23,97.21,30.52
Green Chilli,2011-10-01,268.35,362.59,390.6,108.24
Lime,2011-10-01,105.13,149.18,144.23,41.58
Beans,2011-11-01,115.45,160.51,150.31,39.96
Carrot,2011-11-01,132.69,174.6,190.9,50.06
Cabbage,2011-11-01,54.6,71.46,75.85,19.05
Tomato,2011-11-01,123.99,172.17,185.67,54.93
Brinjal,2011-11-01,107.66,154.28,143.32,41.14
Pumpkin,2011-11-01,60.63,82.68,82.15,21.79
Snake Gourd,2011-11-01,95.43,136.25,134.92,40.15
Green Chilli,2011-11-01,159.45,215.86,208.92,52.94
Lime,2011-11-01,113.0,145.36,158.29,38.83
Beans,2011-12-01,145.51,189.4,202.67,50.53
Carrot,2011-12-01,91.69,128.84,134.01,39.73
Cabbage,2011-12-01,52.35,66.63,74.8,18.36
Tomato,2011-12-01,116.37,156.13,163.59,43.49
Brinjal,2011-12-01,106.33,146.5,139.96,36.9
Pumpkin,2011-12-01,74.9,95.62,107.73,26.77
Snake Gourd,2011-12-01,78.57,100.78,103.78,23.71
Green Chilli,2011-12-01,171.74,230.72,226.93,57.08
Lime,2011-12-01,149.75,213.18,219.48,66.58
Beans,2012-01-01,145.8,193.48,217.04,59.46
Carrot,2012-01-01,97.43,138.06,140.5,41.85
Cabbage,2012-01-01,42.99,59.23,58.82,16.03
Tomato,2012-01-01,111.34,145.04,150.96,36.66
Brinjal,2012-01-01,111.9,161.68,167.3,52.59
Pumpkin,2012-01-01,73.41,103.83,104.92,30.97
Snake Gourd,2012-01-01,94.03,136.01,139.39,43.67
Green Chilli,2012-01-01,169.92,213.76,233.21,53.57
Lime,2012-01-01,135.89,171.36,188.26,43.92
Beans,2012-02-01,172.52,247.69,246.4,74.52
Carrot,2012-02-01,93.47,135.02,128.24,38.16
Cabbage,2012-02-01,49.52,65.42,71.14,18.76
Tomato,2012-02-01,92.61,121.61,122.71,29.55
Brinjal,2012-02-01,134.12,168.72,190.39,45.43
Pumpkin,2012-02-01,75.86,101.79,99.79,24.93
Snake Gourd,2012-02-01,99.27,140.39,133.91,37.88
Green Chilli,2012-02-01,188.17,242.46,248.46,57.29
Lime,2012-02-01,123.41,174.51,179.19,53.44
Beans,2012-03-01,114.45,150.9,161.29,41.64
Carrot,2012-03-01,145.83,204.36,206.57,59.63
Cabbage,2012-03-01,67.55,85.21,95.76,22.94
Tomato,2012-03-01,98.91,123.98,129.55,27.86
Brinjal,2012-03-01,119.92,158.29,170.2,44.32
Pumpkin,2012-03-01,78.73,98.83,113.93,27.65
Snake Gourd,2012-03-01,81.81,113.31,109.72,29.7
Green Chilli,2012-03-01,303.88,387.51,402.94,91.34
Lime,2012-03-01,102.97,130.89,150.6,37.77
Beans,2012-04-01,127.39,174.99,185.52,52.87
Carrot,2012-04-01,148.51,194.14,212.09,54.61
Cabbage,2012-04-01,74.23,107.01,97.0,27.77
Tomato,2012-04-01,137.41,176.6,185.1,43.44
Brinjal,2012-04-01,117.58,168.49,157.83,45.58
Pumpkin,2012-04-01,51.28,73.45,68.17,19.53
Snake Gourd,2012-04-01,82.82,107.38,110.26,26.0
Green Chilli,2012-04-01,342.38,449.17,475.77,120.09
Lime,2012-04-01,116.15,168.05,157.78,46.77
Beans,2012-05-01,162.53,211.36,241.04,63.67
Carrot,2012-05-01,115.27,164.74,152.24,43.22
Cabbage,2012-05-01,74.35,107.0,106.72,32.51
Tomato,2012-05-01,134.74,173.5,183.35,43.68
Brinjal,2012-05-01,137.51,175.78,182.35,41.56
Pumpkin,2012-05-01,53.6,69.11,70.73,16.32
Snake Gourd,2012-05-01,100.15,135.95,143.76,39.7
Green Chilli,2012-05-01,277.8,382.18,375.92,101.25
Lime,2012-05-01,116.89,159.43,171.42,48.53
Beans,2012-06-01,159.06,204.03,228.78,57.34
Carrot,2012-06-01,96.5,136.04,127.52,35.28
Cabbage,2012-06-01,80.8,115.71,111.23,32.67
Tomato,2012-06-01,115.35,151.35,167.54,44.09
Brinjal,2012-06-01,110.73,159.25,147.82,42.8
Pumpkin,2012-06-01,73.16,92.43,99.03,22.57
Snake Gourd,2012-06-01,102.44,141.02,147.94,42.04
Green Chilli,2012-06-01,330.09,422.26,483.45,122.77
Lime,2012-06-01,121.37,167.55,167.62,46.22
Beans,2012-07-01,154.45,218.38,231.65,70.57
Carrot,2012-07-01,104.05,135.58,149.06,38.27
Cabbage,2012-07-01,77.82,109.65,103.28,28.65
Tomato,2012-07-01,147.6,212.97,196.71,57.24
Brinjal,2012-07-01,124.62,176.11,171.44,49.16
Pumpkin,2012-07-01,70.65,93.15,105.71,28.78
Snake Gourd,2012-07-01,85.58,123.85,125.3,38.99
Green Chilli,2012-07-01,292.05,369.16,382.97,84.02
Lime,2012-07-01,144.32,194.74,211.95,59.03
Beans,2012-08-01,158.9,221.14,229.83,66.58
Carrot,2012-08-01,152.51,192.79,209.29,48.53
Cabbage,2012-08-01,66.54,96.43,92.82,28.08
Tomato,2012-08-01,152.2,208.37,224.85,64.41
Brinjal,2012-08-01,126.12,172.89,179.85,50.25
Pumpkin,2012-08-01,72.0,100.6,98.21,27.4
Snake Gourd,2012-08-01,89.24,114.45,133.14,34.55
Green Chilli,2012-08-01,316.57,443.98,420.65,115.75
Lime,2012-08-01,147.1,184.46,208.49,49.38
Beans,2012-09-01,155.49,207.51,224.47,60.5
Carrot,2012-09-01,141.59,197.72,190.67,52.6
Cabbage,2012-09-01,68.97,89.48,98.32,24.93
Tomato,2012-09-01,142.55,190.04,192.68,48.81
Brinjal,2012-09-01,127.35,171.61,170.76,43.84
Pumpkin,2012-09-01,90.79,120.0,136.11,37.27
Snake Gourd,2012-09-01,90.83,130.19,132.63,40.58
Green Chilli,2012-09-01,296.16,412.77,419.73,120.09
Lime,2012-09-01,112.37,145.99,166.64,43.94
Beans,2012-10-01,112.19,161.6,157.81,47.52
Carrot,2012-10-01,132.08,175.03,174.32,42.59
Cabbage,2012-10-01,76.99,103.12,112.07,30.61
Tomato,2012-10-01,128.71,184.74,185.61,56.47
Brinjal,2012-10-01,99.57,134.76,131.12,33.37
Pumpkin,2012-10-01,53.69,73.4,70.97,18.5
Snake Gourd,2012-10-01,84.08,108.04,120.2,30.04
Green Chilli,2012-10-01,328.37,454.69,467.24,132.59
Lime,2012-10-01,124.65,157.77,170.29,39.38
Beans,2012-11-01,135.15,174.67,182.16,43.26
Carrot,2012-11-01,153.57,204.59,206.84,52.15
Cabbage,2012-11-01,43.05,53.87,61.82,14.8
Tomato,2012-11-01,125.42,160.45,167.05,38.33
Brinjal,2012-11-01,108.98,149.79,148.41,40.12
Pumpkin,2012-11-01,55.96,78.56,81.82,24.23
Snake Gourd,2012-11-01,94.3,132.43,131.72,37.78
Green Chilli,2012-11-01,226.99,324.95,299.06,85.01
Lime,2012-11-01,151.11,194.96,220.78,56.76
Beans,2012-12-01,173.88,227.41,259.16,69.41
Carrot,2012-12-01,101.99,139.23,145.75,40.5
Cabbage,2012-12-01,43.6,62.87,57.07,16.37
Tomato,2012-12-01,100.46,144.31,143.98,43.69
Brinjal,2012-12-01,112.02,140.32,157.77,37.03
Pumpkin,2012-12-01,73.9,102.49,103.51,29.1
Snake Gourd,2012-12-01,98.28,132.39,130.7,33.26
Green Chilli,2012-12-01,211.07,289.72,281.03,74.31
Lime,2012-12-01,144.7,195.88,190.22,48.35
Beans,2013-01-01,175.6,248.22,262.66,79.84
Carrot,2013-01-01,101.8,136.51,147.68,40.3
Cabbage,2013-01-01,57.19,72.51,79.13,18.63
Tomato,2013-01-01,125.99,179.06,166.29,46.69
Brinjal,2013-01-01,115.17,146.93,166.31,41.45
Pumpkin,2013-01-01,74.46,102.35,102.1,27.77
Snake Gourd,2013-01-01,104.29,135.28,150.46,38.58
Green Chilli,2013-01-01,197.35,251.69,290.76,73.88
Lime,2013-01-01,140.92,180.68,202.93,50.89
Beans,2013-02-01,154.36,196.22,216.29,51.89
Carrot,2013-02-01,111.84,161.06,157.37,47.38
Cabbage,2013-02-01,54.71,77.67,76.52,22.38
Tomato,2013-02-01,114.93,162.79,158.68,45.8
Brinjal,2013-02-01,134.94,181.95,190.88,51.47
Pumpkin,2013-02-01,77.88,102.55,102.91,24.85
Snake Gourd,2013-02-01,106.95,153.99,145.56,42.83
Green Chilli,2013-02-01,164.05,206.22,223.87,50.99
Lime,2013-02-01,138.79,188.8,190.32,50.77
Beans,2013-03-01,131.19,170.76,176.94,42.66
Carrot,2013-03-01,150.14,210.48,201.37,55.79
Cabbage,2013-03-01,78.44,110.22,107.29,30.32
Tomato,2013-03-01,103.43,133.53,149.81,38.24
Brinjal,2013-03-01,130.38,185.78,178.69,51.86
Pumpkin,2013-03-01,85.21,111.95,126.21,33.87
Snake Gourd,2013-03-01,74.32,94.12,99.53,22.51
Green Chilli,2013-03-01,310.05,448.11,426.4,127.2
Lime,2013-03-01,103.46,143.86,148.13,42.54
Beans,2013-04-01,143.13,186.5,205.31,52.78
Carrot,2013-04-01,141.84,185.81,188.68,45.41
Cabbage,2013-04-01,84.76,112.32,123.01,32.9
Tomato,2013-04-01,137.48,197.51,196.25,59.4
Brinjal,2013-04-01,131.08,176.08,179.89,46.9
Pumpkin,2013-04-01,56.6,72.65,79.38,19.41
Snake Gourd,2013-04-01,79.92,109.89,119.02,34.53
Green Chilli,2013-04-01,318.08,401.6,425.42,95.43
Lime,2013-04-01,112.61,157.5,162.68,47.48
Beans,2013-05-01,161.32,211.37,217.75,53.24
Carrot,2013-05-01,149.18,194.07,208.52,52.11
Cabbage,2013-05-01,73.81,104.61,103.51,30.25
Tomato,2013-05-01,141.95,193.38,189.38,49.43
Brinjal,2013-05-01,147.07,190.02,194.61,45.25
Pumpkin,2013-05-01,53.92,67.64,78.75,19.27
Snake Gourd,2013-05-01,95.3,121.9,137.18,34.24
Green Chilli,2013-05-01,329.26,463.12,489.77,147.19
Lime,2013-05-01,114.04,161.76,153.03,43.35
Beans,2013-06-01,157.25,218.68,217.08,60.63
Carrot,2013-06-01,108.72,156.51,146.96,43.02
Cabbage,2013-06-01,78.47,104.4,102.81,25.14
Tomato,2013-06-01,137.78,181.89,200.41,53.37
Brinjal,2013-06-01,132.27,169.4,181.65,43.25
Pumpkin,2013-06-01,83.93,116.78,112.3,30.61
Snake Gourd,2013-06-01,95.41,121.28,136.02,33.24
Green Chilli,2013-06-01,356.27,510.27,502.63,150.18
Lime,2013-06-01,120.49,159.74,176.96,47.86
Beans,2013-07-01,185.79,265.46,275.7,84.79
Carrot,2013-07-01,108.02,146.78,156.42,43.58
Cabbage,2013-07-01,73.4,103.46,105.99,31.32
Tomato,2013-07-01,140.73,188.97,187.85,47.68
Brinjal,2013-07-01,140.29,190.79,199.76,54.98
Pumpkin,2013-07-01,82.6,117.07,110.94,31.41
Snake Gourd,2013-07-01,96.29,139.13,141.4,43.97
Green Chilli,2013-07-01,345.62,499.86,456.04,132.33
Lime,2013-07-01,127.22,182.65,167.06,47.64
Beans,2013-08-01,191.53,262.05,273.99,76.49
Carrot,2013-08-01,158.65,204.5,232.48,59.84
Cabbage,2013-08-01,76.97,107.95,111.05,32.53
Tomato,2013-08-01,150.57,201.23,224.85,62.47
Brinjal,2013-08-01,145.21,185.66,200.08,47.66
Pumpkin,2013-08-01,92.7,132.21,127.0,36.91
Snake Gourd,2013-08-01,94.97,132.47,129.38,35.95
Green Chilli,2013-08-01,334.66,470.39,460.65,130.86
Lime,2013-08-01,112.11,148.57,153.98,39.16
Beans,2013-09-01,167.66,227.15,240.45,66.14
Carrot,2013-09-01,161.0,210.19,239.36,63.78
Cabbage,2013-09-01,93.36,117.25,132.91,31.72
Tomato,2013-09-01,154.05,209.38,211.34,56.31
Brinjal,2013-09-01,131.27,165.47,171.64,37.28
Pumpkin,2013-09-01,69.34,94.14,97.2,26.33
Snake Gourd,2013-09-01,73.59,94.78,102.45,25.02
Green Chilli,2013-09-01,351.42,456.67,502.2,128.01
Lime,2013-09-01,116.58,147.43,157.93,36.1
Beans,2013-10-01,160.3,219.49,231.14,65.01
Carrot,2013-10-01,138.35,188.69,205.33,58.66
Cabbage,2013-10-01,83.88,113.92,116.73,31.45
Tomato,2013-10-01,142.98,192.04,192.74,49.41
Brinjal,2013-10-01,123.21,165.24,174.52,46.67
Pumpkin,2013-10-01,59.62,84.42,85.42,25.3
Snake Gourd,2013-10-01,71.16,102.26,105.49,32.72
Green Chilli,2013-10-01,343.17,465.34,448.03,113.51
Lime,2013-10-01,124.54,167.12,177.56,47.8
Beans,2013-11-01,132.14,180.11,174.11,44.97
Carrot,2013-11-01,162.47,227.46,233.74,68.13
Cabbage,2013-11-01,58.94,77.56,81.82,20.75
Tomato,2013-11-01,126.99,176.12,187.5,54.82
Brinjal,2013-11-01,117.09,153.73,164.21,41.88
Pumpkin,2013-11-01,68.49,86.27,93.86,21.58
Snake Gourd,2013-11-01,94.74,126.47,130.47,33.73
Green Chilli,2013-11-01,232.4,325.91,325.6,93.36
Lime,2013-11-01,142.93,186.16,198.27,49.28
Beans,2013-12-01,173.69,250.03,252.44,77.55
Carrot,2013-12-01,123.74,177.97,182.68,56.59
Cabbage,2013-12-01,58.14,81.68,82.12,23.76
Tomato,2013-12-01,95.71,120.04,138.26,33.44
Brinjal,2013-12-01,121.92,166.92,171.64,47.36
Pumpkin,2013-12-01,84.36,114.76,123.86,34.95
Snake Gourd,2013-12-01,106.88,142.8,145.79,37.42
Green Chilli,2013-12-01,251.27,334.48,328.72,80.33
Lime,2013-12-01,131.69,171.6,189.27,48.75
Beans,2014-01-01,197.41,248.95,277.88,66.0
Carrot,2014-01-01,102.52,147.3,148.99,45.63
Cabbage,2014-01-01,58.95,85.11,85.05,26.13
Tomato,2014-01-01,125.84,170.32,166.54,42.59
Brinjal,2014-01-01,127.33,171.45,181.38,49.08
Pumpkin,2014-01-01,75.86,97.78,106.07,26.06
Snake Gourd,2014-01-01,96.8,134.84,137.53,39.39
Green Chilli,2014-01-01,184.84,246.24,248.34,62.45
Lime,2014-01-01,148.08,185.87,199.07,44.39
Beans,2014-02-01,171.0,220.63,225.04,51.83
Carrot,2014-02-01,118.98,170.5,175.01,53.77
Cabbage,2014-02-01,60.31,76.02,87.85,21.62
Tomato,2014-02-01,116.05,150.47,170.49,44.43
Brinjal,2014-02-01,169.88,245.67,226.13,66.02
Pumpkin,2014-02-01,89.05,114.64,116.95,26.75
Snake Gourd,2014-02-01,102.99,129.25,151.09,37.18
Green Chilli,2014-02-01,226.2,323.54,335.96,103.55
Lime,2014-02-01,157.3,199.0,212.37,48.38
Beans,2014-03-01,146.65,201.12,196.17,51.99
Carrot,2014-03-01,171.57,247.66,232.26,68.39
Cabbage,2014-03-01,82.49,111.41,109.62,28.03
Tomato,2014-03-01,104.03,136.99,146.1,37.52
Brinjal,2014-03-01,141.63,178.54,205.5,50.39
Pumpkin,2014-03-01,101.57,131.84,138.61,33.66
Snake Gourd,2014-03-01,72.92,96.34,104.96,27.73
Green Chilli,2014-03-01,374.61,497.22,518.48,133.24
Lime,2014-03-01,125.36,163.49,172.26,42.52
Beans,2014-04-01,150.46,214.61,223.94,68.81
Carrot,2014-04-01,162.1,215.93,225.99,58.86
Cabbage,2014-04-01,74.37,95.8,108.44,27.75
Tomato,2014-04-01,136.91,194.53,198.49,59.6
Brinjal,2014-04-01,132.61,168.88,179.08,41.37
Pumpkin,2014-04-01,72.02,98.62,98.9,26.74
Snake Gourd,2014-04-01,102.16,138.39,135.19,34.63
Green Chilli,2014-04-01,371.21,486.91,547.13,145.81
Lime,2014-04-01,123.79,160.87,161.83,37.56
Beans,2014-05-01,168.4,223.0,235.82,61.01
Carrot,2014-05-01,167.61,213.31,231.52,54.8
Cabbage,2014-05-01,91.14,117.05,133.21,33.99
Tomato,2014-05-01,153.01,208.27,220.32,61.29
Brinjal,2014-05-01,158.29,214.47,226.02,61.96
Pumpkin,2014-05-01,57.92,82.91,82.1,24.58
Snake Gourd,2014-05-01,116.37,163.95,162.79,47.0
Green Chilli,2014-05-01,378.96,493.99,523.77,129.92
Lime,2014-05-01,127.93,181.89,168.58,47.3
Beans,2014-06-01,201.8,265.19,269.54,65.56
Carrot,2014-06-01,98.82,129.86,131.13,31.68
Cabbage,2014-06-01,77.92,106.32,108.18,29.33
Tomato,2014-06-01,153.09,214.53,209.18,58.77
Brinjal,2014-06-01,161.16,206.35,213.71,48.87
Pumpkin,2014-06-01,83.78,105.78,111.12,24.67
Snake Gourd,2014-06-01,116.28,160.09,157.05,42.29
Green Chilli,2014-06-01,440.11,570.66,648.23,169.33
Lime,2014-06-01,152.57,211.89,198.83,52.79
Beans,2014-07-01,195.99,247.84,285.76,70.81
Carrot,2014-07-01,94.03,130.27,137.34,39.78
Cabbage,2014-07-01,89.44,118.16,130.74,35.01
Tomato,2014-07-01,162.23,221.32,235.08,65.97
Brinjal,2014-07-01,150.84,213.23,224.15,67.85
Pumpkin,2014-07-01,76.83,106.2,113.76,33.15
Snake Gourd,2014-07-01,111.01,157.05,163.34,49.19
Green Chilli,2014-07-01,343.86,435.97,477.13,112.69
Lime,2014-07-01,159.34,201.58,233.52,58.21
Beans,2014-08-01,177.76,243.39,234.28,61.08
Carrot,2014-08-01,154.12,199.54,229.13,60.21
Cabbage,2014-08-01,91.46,117.27,129.2,31.77
Tomato,2014-08-01,158.48,225.42,221.15,64.81
Brinjal,2014-08-01,149.75,207.53,196.89,52.46
Pumpkin,2014-08-01,82.57,112.43,112.37,29.83
Snake Gourd,2014-08-01,99.28,124.13,137.99,31.78
Green Chilli,2014-08-01,364.17,466.85,485.37,111.94
Lime,2014-08-01,137.18,193.23,203.18,61.02
Beans,2014-09-01,204.5,269.05,270.47,65.26
Carrot,2014-09-01,160.5,221.04,213.94,56.99
Cabbage,2014-09-01,90.27,121.02,135.21,37.85
Tomato,2014-09-01,135.88,179.5,189.74,48.74
Brinjal,2014-09-01,173.8,247.66,258.57,79.31
Pumpkin,2014-09-01,86.96,123.49,122.62,36.1
Snake Gourd,2014-09-01,82.32,108.12,114.71,29.1
Green Chilli,2014-09-01,325.61,469.63,443.67,131.04
Lime,2014-09-01,112.16,142.68,150.73,34.55
Beans,2014-10-01,153.98,205.82,224.8,61.33
Carrot,2014-10-01,139.43,183.11,202.84,53.55
Cabbage,2014-10-01,75.37,94.41,109.97,26.82
Tomato,2014-10-01,147.83,212.36,217.59,67.14
Brinjal,2014-10-01,130.42,175.6,183.12,48.94
Pumpkin,2014-10-01,66.97,86.57,96.12,24.38
Snake Gourd,2014-10-01,89.06,127.92,117.36,33.58
Green Chilli,2014-10-01,375.03,515.23,499.49,132.33
Lime,2014-10-01,116.93,167.55,155.91,44.8
Beans,2014-11-01,145.92,195.5,207.18,55.42
Carrot,2014-11-01,138.82,179.82,206.33,54.26
Cabbage,2014-11-01,67.24,87.75,99.64,26.46
Tomato,2014-11-01,136.62,172.74,202.44,50.97
Brinjal,2014-11-01,139.94,183.42,192.92,48.23
Pumpkin,2014-11-01,59.32,81.01,88.48,25.43
Snake Gourd,2014-11-01,112.12,147.78,164.95,44.24
Green Chilli,2014-11-01,229.67,295.95,307.35,71.98
Lime,2014-11-01,165.72,213.97,226.1,54.31
Beans,2014-12-01,183.47,263.95,272.7,84.85
Carrot,2014-12-01,106.33,143.76,148.02,39.56
Cabbage,2014-12-01,60.1,86.3,82.74,24.42
Tomato,2014-12-01,103.64,133.69,135.52,30.97
Brinjal,2014-12-01,132.9,173.1,174.16,40.73
Pumpkin,2014-12-01,93.7,126.18,129.61,34.2
Snake Gourd,2014-12-01,117.98,152.21,158.46,37.36
Green Chilli,2014-12-01,231.01,330.84,328.74,98.78
Lime,2014-12-01,138.18,198.55,180.97,51.58
Beans,2015-01-01,224.65,282.59,310.15,71.72
Carrot,2015-01-01,133.33,185.28,190.35,54.48
Cabbage,2015-01-01,56.43,71.99,84.05,21.59
Tomato,2015-01-01,109.6,143.95,159.28,42.02
Brinjal,2015-01-01,147.88,210.5,212.15,63.45
Pumpkin,2015-01-01,85.48,116.53,124.17,34.87
Snake Gourd,2015-01-01,112.25,140.76,162.82,39.54
Green Chilli,2015-01-01,244.01,326.82,317.56,78.18
Lime,2015-01-01,164.04,227.27,236.3,67.75
Beans,2015-02-01,170.23,230.88,234.91,62.67
Carrot,2015-02-01,113.13,144.27,166.13,42.07
Cabbage,2015-02-01,62.27,86.06,86.81,24.16
Tomato,2015-02-01,109.15,145.46,153.83,40.5
Brinjal,2015-02-01,167.26,234.12,245.13,72.37
Pumpkin,2015-02-01,102.42,145.13,150.4,45.34
Snake Gourd,2015-02-01,111.19,148.54,155.01,40.58
Green Chilli,2015-02-01,221.64,280.75,329.29,83.38
Lime,2015-02-01,144.75,200.25,214.57,62.66
Beans,2015-03-01,152.57,196.41,223.71,57.49
Carrot,2015-03-01,169.25,223.43,232.78,58.86
Cabbage,2015-03-01,82.35,116.21,111.66,31.59
Tomato,2015-03-01,108.14,146.08,159.3,44.55
Brinjal,2015-03-01,161.89,226.57,228.29,65.54
Pumpkin,2015-03-01,92.69,133.65,135.19,41.73
Snake Gourd,2015-03-01,85.34,123.48,117.49,35.14
Green Chilli,2015-03-01,386.12,534.14,523.91,142.9
Lime,2015-03-01,112.22,159.04,151.83,43.22
Beans,2015-04-01,187.96,255.16,269.29,74.27
Carrot,2015-04-01,190.98,244.48,283.9,73.21
Cabbage,2015-04-01,77.92,108.77,101.61,27.27
Tomato,2015-04-01,166.46,225.63,247.36,70.03
Brinjal,2015-04-01,167.92,226.37,222.32,56.43
Pumpkin,2015-04-01,73.48,105.24,109.39,33.83
Snake Gourd,2015-04-01,87.53,121.27,127.42,36.81
Green Chilli,2015-04-01,375.36,506.55,499.59,127.71
Lime,2015-04-01,123.0,162.73,170.54,43.63
Beans,2015-05-01,205.47,264.34,290.7,72.05
Carrot,2015-05-01,156.75,213.39,226.92,63.4
Cabbage,2015-05-01,83.4,112.33,119.23,32.38
Tomato,2015-05-01,170.24,235.07,242.37,68.48
Brinjal,2015-05-01,171.15,218.29,234.71,55.35
Pumpkin,2015-05-01,72.58,102.85,94.99,26.34
Snake Gourd,2015-05-01,99.06,125.15,129.34,28.19
Green Chilli,2015-05-01,419.54,598.39,580.3,169.8
Lime,2015-05-01,126.02,162.35,176.86,43.59
Beans,2015-06-01,223.89,315.88,294.0,81.05
Carrot,2015-06-01,134.35,171.23,189.0,45.77
Cabbage,2015-06-01,92.6,123.34,129.31,33.73
Tomato,2015-06-01,141.88,204.17,192.46,56.44
Brinjal,2015-06-01,154.76,214.23,206.21,55.46
Pumpkin,2015-06-01,101.46,139.53,145.47,41.04
Snake Gourd,2015-06-01,115.31,165.95,152.96,44.14
Green Chilli,2015-06-01,435.02,606.41,631.11,183.74
Lime,2015-06-01,151.4,202.67,215.53,57.7
Beans,2015-07-01,205.23,290.31,288.07,83.96
Carrot,2015-07-01,128.31,168.46,181.71,46.78
Cabbage,2015-07-01,103.39,143.7,149.11,43.02
Tomato,2015-07-01,138.86,197.45,193.24,56.48
Brinjal,2015-07-01,168.99,241.21,232.47,67.85
Pumpkin,2015-07-01,86.86,110.26,121.19,28.87
Snake Gourd,2015-07-01,112.79,152.3,151.9,39.31
Green Chilli,2015-07-01,434.72,611.22,632.19,186.99
Lime,2015-07-01,155.31,205.94,217.49,56.41
Beans,2015-08-01,222.49,303.03,310.88,84.46
Carrot,2015-08-01,174.06,236.43,230.84,59.58
Cabbage,2015-08-01,87.93,126.31,130.97,40.71
Tomato,2015-08-01,159.45,202.9,237.07,60.54
Brinjal,2015-08-01,155.76,202.57,215.16,53.11
Pumpkin,2015-08-01,95.43,122.55,129.16,30.42
Snake Gourd,2015-08-01,129.48,165.67,184.16,45.44
Green Chilli,2015-08-01,434.3,622.11,646.77,200.14
Lime,2015-08-01,155.68,198.7,211.8,49.57
Beans,2015-09-01,212.94,285.02,278.78,68.96
Carrot,2015-09-01,169.05,222.76,235.77,60.21
Cabbage,2015-09-01,93.06,124.4,136.23,37.25
Tomato,2015-09-01,177.74,226.43,249.97,60.46
Brinjal,2015-09-01,175.28,249.35,233.57,66.18
Pumpkin,2015-09-01,98.93,140.55,146.7,44.69
Snake Gourd,2015-09-01,87.8,119.45,115.03,29.44
Green Chilli,2015-09-01,421.76,587.96,585.78,165.11
Lime,2015-09-01,130.38,162.99,190.51,46.37
Beans,2015-10-01,149.45,192.54,205.83,49.74
Carrot,2015-10-01,150.78,217.54,215.36,65.67
Cabbage,2015-10-01,77.68,103.78,114.58,31.5
Tomato,2015-10-01,162.19,222.4,229.35,63.69
Brinjal,2015-10-01,139.58,178.4,198.83,49.03
Pumpkin,2015-10-01,85.51,111.74,127.38,34.05
Snake Gourd,2015-10-01,97.35,135.75,128.07,34.56
Green Chilli,2015-10-01,367.19,530.83,488.99,142.72
Lime,2015-10-01,127.13,168.17,181.53,47.72
Beans,2015-11-01,143.07,204.24,187.15,52.63
Carrot,2015-11-01,169.26,239.77,230.11,65.68
Cabbage,2015-11-01,54.62,72.24,71.73,17.37
Tomato,2015-11-01,172.67,217.19,247.09,59.47
Brinjal,2015-11-01,129.93,180.68,170.68,45.75
Pumpkin,2015-11-01,84.52,109.28,122.35,31.3
Snake Gourd,2015-11-01,102.55,145.86,152.64,46.7
Green Chilli,2015-11-01,282.4,372.9,380.34,94.22
Lime,2015-11-01,163.85,222.3,243.94,69.27
Beans,2015-12-01,191.79,266.35,268.1,75.44
Carrot,2015-12-01,123.36,165.82,177.8,48.45
Cabbage,2015-12-01,57.2,75.27,74.84,17.85
Tomato,2015-12-01,112.15,157.24,167.89,50.41
Brinjal,2015-12-01,156.69,202.04,231.13,59.89
Pumpkin,2015-12-01,118.51,168.27,165.44,48.34
Snake Gourd,2015-12-01,97.33,131.26,137.8,37.2
Green Chilli,2015-12-01,265.2,365.09,350.04,92.37
Lime,2015-12-01,168.03,214.1,221.08,49.56
Beans,2016-01-01,244.24,309.66,338.56,79.87
Carrot,2016-01-01,105.58,152.82,149.1,45.38
Cabbage,2016-01-01,60.77,87.82,82.48,24.38
Tomato,2016-01-01,121.6,167.8,158.68,41.64
Brinjal,2016-01-01,132.72,167.54,176.85,39.47
Pumpkin,2016-01-01,107.76,149.49,145.47,39.72
Snake Gourd,2016-01-01,122.13,162.54,167.65,42.97
Green Chilli,2016-01-01,300.13,415.36,448.43,131.77
Lime,2016-01-01,137.5,184.16,185.74,47.45
Beans,2016-02-01,256.6,345.65,361.47,96.96
Carrot,2016-02-01,115.92,160.9,159.75,44.41
Cabbage,2016-02-01,64.91,87.23,89.16,23.29
Tomato,2016-02-01,131.25,181.54,178.14,48.59
Brinjal,2016-02-01,164.12,211.5,220.26,51.76
Pumpkin,2016-02-01,96.38,124.86,130.68,31.39
Snake Gourd,2016-02-01,119.15,164.17,156.69,41.28
Green Chilli,2016-02-01,232.33,323.31,327.93,93.29
Lime,2016-02-01,172.35,237.87,228.06,60.62
Beans,2016-03-01,152.86,209.54,225.36,64.59
Carrot,2016-03-01,174.67,239.57,241.21,65.72
Cabbage,2016-03-01,88.26,116.81,130.87,35.58
Tomato,2016-03-01,108.02,143.09,148.71,37.88
Brinjal,2016-03-01,205.61,270.75,300.93,80.23
Pumpkin,2016-03-01,110.77,157.75,155.36,45.79
Snake Gourd,2016-03-01,109.94,137.71,162.09,39.96
Green Chilli,2016-03-01,442.9,584.0,588.02,143.11
Lime,2016-03-01,102.44,141.95,141.8,39.44
Beans,2016-04-01,182.44,249.92,266.64,75.84
Carrot,2016-04-01,146.25,199.47,215.31,61.14
Cabbage,2016-04-01,80.95,102.36,119.0,29.73
Tomato,2016-04-01,169.82,240.56,225.01,62.97
Brinjal,2016-04-01,211.06,287.33,314.33,89.77
Pumpkin,2016-04-01,79.26,113.82,116.3,35.8
Snake Gourd,2016-04-01,87.02,109.17,115.09,25.11
Green Chilli,2016-04-01,436.29,566.24,635.85,164.75
Lime,2016-04-01,133.86,177.21,187.56,48.52
Beans,2016-05-01,209.39,287.4,296.72,82.67
Carrot,2016-05-01,194.62,268.21,263.1,71.03
Cabbage,2016-05-01,86.71,117.06,127.3,35.47
Tomato,2016-05-01,165.02,232.32,226.11,64.19
Brinjal,2016-05-01,167.92,211.96,238.14,57.13
Pumpkin,2016-05-01,76.84,98.61,100.61,22.77
Snake Gourd,2016-05-01,131.86,183.39,196.36,58.01
Green Chilli,2016-05-01,430.71,595.41,599.97,166.98
Lime,2016-05-01,117.5,158.81,165.17,44.49
Beans,2016-06-01,226.05,315.82,323.88,93.8
Carrot,2016-06-01,124.29,177.59,184.44,56.72
Cabbage,2016-06-01,101.81,143.97,133.12,36.73
Tomato,2016-06-01,151.38,211.82,197.05,53.06
Brinjal,2016-06-01,187.53,256.2,270.58,75.86
Pumpkin,2016-06-01,117.97,156.77,153.39,37.11
Snake Gourd,2016-06-01,131.4,178.3,188.56,52.03
Green Chilli,2016-06-01,460.1,581.95,615.8,138.77
Lime,2016-06-01,187.85,262.05,277.82,82.09
Beans,2016-07-01,237.81,305.67,336.75,83.4
Carrot,2016-07-01,123.6,162.41,177.25,46.23
Cabbage,2016-07-01,79.81,103.13,108.75,26.13
Tomato,2016-07-01,180.35,257.97,248.78,73.03
Brinjal,2016-07-01,159.09,222.55,237.72,71.05
Pumpkin,2016-07-01,100.46,142.87,141.97,41.96
Snake Gourd,2016-07-01,122.13,168.55,180.5,52.4
Green Chilli,2016-07-01,531.09,759.58,770.15,233.77
Lime,2016-07-01,140.56,203.35,201.49,61.86
Beans,2016-08-01,238.99,314.35,340.48,88.43
Carrot,2016-08-01,170.36,224.29,236.4,59.98
Cabbage,2016-08-01,88.83,113.96,127.72,32.01
Tomato,2016-08-01,162.22,221.98,213.23,55.38
Brinjal,2016-08-01,172.85,218.59,252.79,62.84
Pumpkin,2016-08-01,116.16,160.75,162.09,45.26
Snake Gourd,2016-08-01,135.59,170.53,193.12,46.23
Green Chilli,2016-08-01,396.0,516.97,565.71,145.34
Lime,2016-08-01,164.39,234.12,224.96,65.15
Beans,2016-09-01,253.57,343.73,355.89,96.24
Carrot,2016-09-01,182.19,255.04,272.0,81.33
Cabbage,2016-09-01,107.24,144.4,141.42,35.67
Tomato,2016-09-01,183.4,256.66,249.85,69.86
Brinjal,2016-09-01,186.29,254.96,277.05,79.72
Pumpkin,2016-09-01,113.6,151.42,163.35,43.78
Snake Gourd,2016-09-01,102.79,135.79,134.64,32.42
Green Chilli,2016-09-01,489.09,665.57,710.36,198.88
Lime,2016-09-01,118.56,158.81,155.84,38.77
Beans,2016-10-01,182.42,236.17,270.8,71.07
Carrot,2016-10-01,178.84,256.84,232.68,65.92
Cabbage,2016-10-01,100.01,143.08,132.81,37.94
Tomato,2016-10-01,176.03,239.13,247.41,67.24
Brinjal,2016-10-01,157.51,196.91,230.28,56.09
Pumpkin,2016-10-01,77.23,99.76,110.67,27.98
Snake Gourd,2016-10-01,96.96,132.91,129.23,34.11
Green Chilli,2016-10-01,474.89,650.55,633.62,167.19
Lime,2016-10-01,114.61,150.2,164.18,42.58
Beans,2016-11-01,170.43,227.54,229.99,58.33
Carrot,2016-11-01,189.97,247.42,280.46,73.97
Cabbage,2016-11-01,71.94,91.19,99.16,23.23
Tomato,2016-11-01,158.63,219.21,226.04,64.0
Brinjal,2016-11-01,151.25,210.81,211.87,60.09
Pumpkin,2016-11-01,78.36,101.85,106.95,26.04
Snake Gourd,2016-11-01,125.56,169.96,174.67,46.75
Green Chilli,2016-11-01,275.87,393.35,359.35,100.48
Lime,2016-11-01,139.63,200.35,182.2,51.64
Beans,2016-12-01,234.6,319.01,315.27,82.54
Carrot,2016-12-01,146.55,183.21,217.97,54.04
Cabbage,2016-12-01,66.67,86.45,90.18,21.65
Tomato,2016-12-01,118.93,151.21,171.72,42.53
Brinjal,2016-12-01,164.79,214.46,214.92,49.9
Pumpkin,2016-12-01,93.83,126.97,126.74,33.02
Snake Gourd,2016-12-01,127.56,182.56,180.29,53.86
Green Chilli,2016-12-01,265.63,370.69,369.31,104.37
Lime,2016-12-01,144.22,207.51,197.18,58.12
Beans,2017-01-01,213.24,303.93,283.96,80.7
Carrot,2017-01-01,129.67,177.8,186.51,52.49
Cabbage,2017-01-01,65.9,88.17,86.56,21.46
Tomato,2017-01-01,143.92,203.52,204.78,60.23
Brinjal,2017-01-01,156.43,195.96,212.85,47.97
Pumpkin,2017-01-01,111.98,157.67,152.2,42.95
Snake Gourd,2017-01-01,109.8,142.33,145.73,34.23
Green Chilli,2017-01-01,253.29,319.42,339.31,76.08
Lime,2017-01-01,140.87,203.5,188.59,55.17
Beans,2017-02-01,256.75,339.31,334.21,80.01
Carrot,2017-02-01,141.65,192.46,202.67,55.91
Cabbage,2017-02-01,70.33,97.02,92.06,24.21
Tomato,2017-02-01,149.76,213.79,197.82,56.05
Brinjal,2017-02-01,174.67,225.68,240.84,58.59
Pumpkin,2017-02-01,99.44,134.32,145.22,40.33
Snake Gourd,2017-02-01,125.29,168.91,184.15,51.24
Green Chilli,2017-02-01,279.24,398.47,395.24,117.62
Lime,2017-02-01,161.57,210.66,235.99,61.76
Beans,2017-03-01,178.5,240.7,263.49,73.59
Carrot,2017-03-01,201.16,273.07,263.49,67.12
Cabbage,2017-03-01,98.23,125.17,129.93,29.32
Tomato,2017-03-01,121.36,167.42,175.05,49.88
Brinjal,2017-03-01,210.09,298.89,305.58,92.14
Pumpkin,2017-03-01,104.16,147.32,151.43,45.22
Snake Gourd,2017-03-01,92.73,118.17,130.0,31.35
Green Chilli,2017-03-01,466.67,616.88,651.04,167.29
Lime,2017-03-01,140.95,180.81,193.99,46.45
Beans,2017-04-01,192.34,264.47,278.08,78.94
Carrot,2017-04-01,193.95,244.65,286.8,71.78
Cabbage,2017-04-01,93.25,129.05,136.73,39.64
Tomato,2017-04-01,161.83,217.45,229.74,61.76
Brinjal,2017-04-01,193.4,252.38,252.69,59.13
Pumpkin,2017-04-01,73.0,104.48,102.44,30.46
Snake Gourd,2017-04-01,102.64,147.22,148.98,45.46
Green Chilli,2017-04-01,475.87,614.92,684.14,173.66
Lime,2017-04-01,138.53,185.32,201.76,55.01
Beans,2017-05-01,278.63,395.02,398.71,118.23
Carrot,2017-05-01,177.87,232.09,242.43,59.39
Cabbage,2017-05-01,87.9,117.88,130.24,36.16
Tomato,2017-05-01,163.34,227.7,234.79,67.9
Brinjal,2017-05-01,203.94,269.76,295.98,78.93
Pumpkin,2017-05-01,83.3,115.68,108.95,29.02
Snake Gourd,2017-05-01,156.71,202.82,224.94,57.17
Green Chilli,2017-05-01,487.69,655.77,694.25,187.32
Lime,2017-05-01,134.62,190.94,196.58,59.14
Beans,2017-06-01,264.96,343.39,365.97,89.72
Carrot,2017-06-01,144.7,204.2,198.34,56.57
Cabbage,2017-06-01,87.99,114.31,116.31,27.32
Tomato,2017-06-01,179.32,254.82,245.54,70.86
Brinjal,2017-06-01,205.24,296.77,277.82,82.05
Pumpkin,2017-06-01,105.1,133.49,151.5,37.4
Snake Gourd,2017-06-01,146.04,207.97,193.9,54.9
Green Chilli,2017-06-01,522.6,694.81,714.53,182.07
Lime,2017-06-01,172.76,232.56,243.65,65.35
Beans,2017-07-01,251.11,330.63,349.0,88.7
Carrot,2017-07-01,135.8,181.58,187.81,48.89
Cabbage,2017-07-01,109.25,142.02,155.34,39.43
Tomato,2017-07-01,188.7,249.83,263.65,68.04
Brinjal,2017-07-01,201.63,256.29,289.66,71.35
Pumpkin,2017-07-01,112.01,161.31,161.96,49.62
Snake Gourd,2017-07-01,150.1,216.93,211.11,63.92
Green Chilli,2017-07-01,478.13,605.6,639.84,144.59
Lime,2017-07-01,184.06,266.45,253.59,75.96
Beans,2017-08-01,250.04,352.61,355.28,103.91
Carrot,2017-08-01,208.27,292.43,291.56,83.72
Cabbage,2017-08-01,97.58,140.98,139.8,42.81
Tomato,2017-08-01,193.74,251.56,258.52,61.3
Brinjal,2017-08-01,196.31,256.77,279.9,72.02
Pumpkin,2017-08-01,99.69,124.62,132.13,28.69
Snake Gourd,2017-08-01,147.86,210.47,199.13,56.94
Green Chilli,2017-08-01,549.76,728.28,789.62,209.19
Lime,2017-08-01,164.82,219.09,246.04,67.75
Beans,2017-09-01,240.56,334.55,343.75,98.59
Carrot,2017-09-01,181.65,261.61,236.95,67.63
Cabbage,2017-09-01,96.51,125.51,135.77,34.13
Tomato,2017-09-01,194.86,247.59,290.07,73.97
Brinjal,2017-09-01,226.78,300.94,313.06,80.22
Pumpkin,2017-09-01,111.03,160.17,147.15,42.63
Snake Gourd,2017-09-01,85.29,112.81,111.77,27.0
Green Chilli,2017-09-01,517.82,692.45,693.34,175.07
Lime,2017-09-01,139.48,182.68,199.12,51.42
Beans,2017-10-01,222.46,288.58,321.7,82.68
Carrot,2017-10-01,176.04,253.01,247.17,74.05
Cabbage,2017-10-01,94.73,134.96,130.63,38.06
Tomato,2017-10-01,173.01,227.22,248.35,64.78
Brinjal,2017-10-01,159.45,217.72,209.39,54.11
Pumpkin,2017-10-01,84.6,112.13,121.22,32.08
Snake Gourd,2017-10-01,102.64,130.91,134.63,30.13
Green Chilli,2017-10-01,499.72,700.68,651.22,176.23
Lime,2017-10-01,134.07,177.76,187.87,48.75
Beans,2017-11-01,187.45,261.81,276.35,81.63
Carrot,2017-11-01,170.49,216.44,252.25,63.85
Cabbage,2017-11-01,56.59,72.16,80.24,19.61
Tomato,2017-11-01,195.33,252.09,271.58,66.5
Brinjal,2017-11-01,172.02,233.88,247.8,68.82
Pumpkin,2017-11-01,88.96,122.39,118.36,31.42
Snake Gourd,2017-11-01,118.71,164.28,159.45,43.16
Green Chilli,2017-11-01,316.19,452.99,461.5,141.06
Lime,2017-11-01,156.78,222.94,211.71,60.55
Beans,2017-12-01,305.69,419.63,445.91,127.08
Carrot,2017-12-01,141.04,176.92,206.39,50.61
Cabbage,2017-12-01,60.91,84.14,83.63,22.98
Tomato,2017-12-01,130.61,166.08,171.61,38.23
Brinjal,2017-12-01,202.58,274.32,293.43,81.29
Pumpkin,2017-12-01,100.97,126.75,138.04,31.42
Snake Gourd,2017-12-01,125.36,178.6,171.23,49.55
Green Chilli,2017-12-01,338.6,424.47,445.23,96.25
Lime,2017-12-01,186.51,269.3,268.32,82.3
Beans,2018-01-01,265.27,376.23,377.62,111.66
Carrot,2018-01-01,137.27,172.37,201.2,49.51
Cabbage,2018-01-01,78.31,101.25,102.43,23.53
Tomato,2018-01-01,126.01,162.01,172.32,41.15
Brinjal,2018-01-01,135.39,176.57,176.8,41.3
Pumpkin,2018-01-01,132.0,175.45,179.48,45.46
Snake Gourd,2018-01-01,148.08,199.76,196.38,49.99
Green Chilli,2018-01-01,366.23,472.88,508.42,124.42
Lime,2018-01-01,164.43,235.24,242.18,74.28
Beans,2018-02-01,265.11,370.86,377.49,109.06
Carrot,2018-02-01,165.14,221.7,245.76,68.59
Cabbage,2018-02-01,68.36,91.77,99.6,27.32
Tomato,2018-02-01,131.79,177.07,196.84,55.17
Brinjal,2018-02-01,229.35,323.9,299.66,82.43
Pumpkin,2018-02-01,129.74,163.45,190.78,47.37
Snake Gourd,2018-02-01,143.95,185.62,196.27,47.0
Green Chilli,2018-02-01,312.48,400.51,457.01,116.28
Lime,2018-02-01,168.14,218.02,233.83,57.79
Beans,2018-03-01,206.54,290.8,294.04,85.88
Carrot,2018-03-01,211.29,270.72,293.15,70.65
Cabbage,2018-03-01,106.46,141.34,142.03,35.23
Tomato,2018-03-01,156.09,213.08,216.14,58.52
Brinjal,2018-03-01,232.96,330.92,314.87,89.94
Pumpkin,2018-03-01,111.15,160.62,151.9,45.11
Snake Gourd,2018-03-01,112.02,142.03,167.12,42.56
Green Chilli,2018-03-01,527.24,742.16,759.66,223.67
Lime,2018-03-01,152.94,220.44,214.09,64.33
Beans,2018-04-01,218.13,298.11,307.06,84.46
Carrot,2018-04-01,195.72,259.52,271.99,70.03
Cabbage,2018-04-01,94.98,125.38,132.06,33.74
Tomato,2018-04-01,205.21,262.66,290.24,71.24
Brinjal,2018-04-01,230.06,298.07,299.61,68.78
Pumpkin,2018-04-01,78.29,113.3,106.61,31.66
Snake Gourd,2018-04-01,103.24,133.16,146.35,36.52
Green Chilli,2018-04-01,510.41,640.27,728.94,174.19
Lime,2018-04-01,121.1,157.92,162.44,39.08
Beans,2018-05-01,244.98,339.99,346.16,98.1
Carrot,2018-05-01,197.32,251.29,287.52,72.08
Cabbage,2018-05-01,109.25,146.21,162.67,45.19
Tomato,2018-05-01,173.98,239.84,239.47,65.68
Brinjal,2018-05-01,237.66,339.92,321.81,93.21
Pumpkin,2018-05-01,90.69,131.42,122.48,36.26
Snake Gourd,2018-05-01,119.06,149.19,160.02,35.55
Green Chilli,2018-05-01,550.89,737.49,735.01,185.36
Lime,2018-05-01,138.5,191.13,198.16,56.14
Beans,2018-06-01,285.22,356.7,384.93,85.59
Carrot,2018-06-01,155.19,217.76,204.59,55.98
Cabbage,2018-06-01,107.66,139.56,143.86,34.05
Tomato,2018-06-01,193.62,278.37,258.9,75.01
Brinjal,2018-06-01,214.6,310.92,302.83,92.28
Pumpkin,2018-06-01,112.52,147.61,152.59,37.58
Snake Gourd,2018-06-01,125.51,160.74,181.57,45.64
Green Chilli,2018-06-01,560.94,733.48,750.04,180.82
Lime,2018-06-01,177.79,247.58,255.59,73.8
Beans,2018-07-01,268.36,380.87,373.15,108.65
Carrot,2018-07-01,154.59,198.08,214.15,51.53
Cabbage,2018-07-01,105.45,148.29,151.43,44.41
Tomato,2018-07-01,187.34,268.25,244.22,68.89
Brinjal,2018-07-01,235.98,310.26,313.2,75.75
Pumpkin,2018-07-01,143.73,193.2,212.09,58.92
Snake Gourd,2018-07-01,155.07,214.28,213.94,59.04
Green Chilli,2018-07-01,595.23,839.64,818.28,233.73
Lime,2018-07-01,176.42,235.1,243.66,62.96
Beans,2018-08-01,263.28,332.63,373.53,89.8
Carrot,2018-08-01,197.8,282.75,283.1,85.12
Cabbage,2018-08-01,113.55,152.96,159.92,42.89
Tomato,2018-08-01,196.86,256.88,271.4,67.28
Brinjal,2018-08-01,248.89,325.39,336.93,82.27
Pumpkin,2018-08-01,131.39,168.78,179.86,42.93
Snake Gourd,2018-08-01,133.21,173.71,193.65,50.47
Green Chilli,2018-08-01,589.84,792.78,869.85,241.47
Lime,2018-08-01,156.19,211.27,224.0,61.45
Beans,2018-09-01,284.24,406.87,411.6,125.0
Carrot,2018-09-01,200.83,272.31,275.05,72.85
Cabbage,2018-09-01,98.58,137.31,145.13,42.64
Tomato,2018-09-01,215.31,288.58,297.47,77.72
Brinjal,2018-09-01,251.51,358.53,348.0,101.75
Pumpkin,2018-09-01,117.15,169.71,154.78,45.09
Snake Gourd,2018-09-01,110.52,156.9,144.13,40.0
Green Chilli,2018-09-01,522.19,681.67,768.91,203.1
Lime,2018-09-01,152.0,196.73,198.66,45.69
Beans,2018-10-01,242.84,317.6,354.98,93.45
Carrot,2018-10-01,243.63,333.98,357.02,101.87
Cabbage,2018-10-01,98.44,128.47,133.19,32.39
Tomato,2018-10-01,162.54,206.14,234.66,57.86
Brinjal,2018-10-01,166.85,215.13,230.68,56.06
Pumpkin,2018-10-01,74.81,100.23,105.29,27.95
Snake Gourd,2018-10-01,121.28,155.38,179.02,45.92
Green Chilli,2018-10-01,555.9,750.24,784.28,211.36
Lime,2018-10-01,141.99,197.57,189.63,51.61
Beans,2018-11-01,220.23,284.72,288.94,66.6
Carrot,2018-11-01,181.18,231.68,261.26,65.29
Cabbage,2018-11-01,71.08,97.47,97.19,26.25
Tomato,2018-11-01,203.9,267.75,268.62,64.28
Brinjal,2018-11-01,191.24,264.23,258.7,70.22
Pumpkin,2018-11-01,76.65,103.77,108.93,29.7
Snake Gourd,2018-11-01,141.0,192.42,209.47,59.94
Green Chilli,2018-11-01,472.91,621.69,637.22,156.55
Lime,2018-11-01,197.17,266.31,258.99,65.48
Beans,2018-12-01,289.29,408.24,392.83,111.24
Carrot,2018-12-01,164.67,233.67,231.38,67.86
Cabbage,2018-12-01,75.01,107.01,104.95,30.97
Tomato,2018-12-01,137.48,182.53,202.53,55.05
Brinjal,2018-12-01,215.79,287.17,289.79,72.69
Pumpkin,2018-12-01,118.24,165.38,159.67,44.28
Snake Gourd,2018-12-01,139.6,185.27,208.9,57.49
Green Chilli,2018-12-01,416.38,555.35,577.26,149.93
Lime,2018-12-01,193.07,261.28,270.48,72.81
Beans,2019-01-01,284.94,367.37,384.75,91.12
Carrot,2019-01-01,135.35,195.12,199.09,61.76
Cabbage,2019-01-01,65.07,87.74,84.85,21.23
Tomato,2019-01-01,145.2,196.69,214.86,60.58
Brinjal,2019-01-01,207.46,264.6,286.24,67.96
Pumpkin,2019-01-01,131.25,170.75,177.54,42.89
Snake Gourd,2019-01-01,155.04,197.72,231.74,59.69
Green Chilli,2019-01-01,354.84,498.4,485.35,137.04
Lime,2019-01-01,167.39,231.29,236.57,66.54
Beans,2019-02-01,306.86,414.0,443.86,122.07
Carrot,2019-02-01,152.5,192.39,202.54,44.96
Cabbage,2019-02-01,79.03,105.7,109.12,28.38
Tomato,2019-02-01,132.87,178.75,193.02,53.02
Brinjal,2019-02-01,242.13,325.95,362.81,102.25
Pumpkin,2019-02-01,129.44,181.68,169.32,46.06
Snake Gourd,2019-02-01,157.6,203.4,217.55,52.88
Green Chilli,2019-02-01,448.74,624.58,635.97,181.54
Lime,2019-02-01,158.2,216.01,216.49,58.05
Beans,2019-03-01,241.98,318.4,333.52,83.98
Carrot,2019-03-01,180.27,237.71,249.16,63.16
Cabbage,2019-03-01,118.36,148.94,165.78,39.0
Tomato,2019-03-01,153.4,219.98,200.93,57.05
Brinjal,2019-03-01,239.33,341.11,312.04,87.25
Pumpkin,2019-03-01,140.18,201.39,200.66,60.84
Snake Gourd,2019-03-01,112.03,155.49,156.44,43.94
Green Chilli,2019-03-01,577.93,747.18,758.76,175.04
Lime,2019-03-01,146.66,207.29,215.91,64.94
Beans,2019-04-01,280.99,351.95,404.36,97.16
Carrot,2019-04-01,237.43,313.42,352.21,95.38
Cabbage,2019-04-01,113.14,156.62,147.18,38.76
Tomato,2019-04-01,188.36,243.52,266.91,66.86
Brinjal,2019-04-01,218.59,274.73,298.14,67.84
Pumpkin,2019-04-01,107.16,148.91,145.97,40.28
Snake Gourd,2019-04-01,122.09,159.27,179.03,47.06
Green Chilli,2019-04-01,634.1,810.39,865.18,203.68
Lime,2019-04-01,145.82,184.47,217.08,54.96
Beans,2019-05-01,293.98,411.89,417.85,120.89
Carrot,2019-05-01,211.58,291.47,301.66,84.99
Cabbage,2019-05-01,115.22,148.99,151.72,35.14
Tomato,2019-05-01,206.23,278.99,302.3,84.42
Brinjal,2019-05-01,269.74,339.24,383.85,91.81
Pumpkin,2019-05-01,119.65,153.33,169.77,41.9
Snake Gourd,2019-05-01,151.18,195.85,201.71,47.6
Green Chilli,2019-05-01,643.15,882.33,918.88,257.46
Lime,2019-05-01,137.99,181.14,192.15,48.65
Beans,2019-06-01,316.0,449.58,469.53,143.55
Carrot,2019-06-01,155.17,222.85,209.35,60.93
Cabbage,2019-06-01,116.24,151.68,170.27,44.74
Tomato,2019-06-01,164.69,216.49,235.34,61.23
Brinjal,2019-06-01,273.75,375.54,402.59,115.31
Pumpkin,2019-06-01,101.59,127.22,143.38,33.71
Snake Gourd,2019-06-01,166.98,228.49,241.66,68.1
Green Chilli,2019-06-01,550.44,696.82,762.87,179.4
Lime,2019-06-01,190.33,250.43,274.85,72.31
Beans,2019-07-01,331.49,457.37,473.2,133.79
Carrot,2019-07-01,146.54,183.51,210.92,50.67
Cabbage,2019-07-01,96.98,125.18,132.68,31.95
Tomato,2019-07-01,211.62,277.06,296.9,75.36
Brinjal,2019-07-01,285.75,382.11,407.48,109.05
Pumpkin,2019-07-01,134.66,176.44,190.63,48.88
Snake Gourd,2019-07-01,132.31,175.1,174.22,42.35
Green Chilli,2019-07-01,623.34,810.77,819.6,191.84
Lime,2019-07-01,158.37,225.57,221.24,65.03
Beans,2019-08-01,319.47,432.41,439.72,116.59
Carrot,2019-08-01,180.44,251.18,247.7,69.0
Cabbage,2019-08-01,107.75,144.48,155.58,42.28
Tomato,2019-08-01,205.51,265.59,273.13,63.85
Brinjal,2019-08-01,268.71,388.34,363.13,107.03
Pumpkin,2019-08-01,134.03,182.85,199.79,57.29
Snake Gourd,2019-08-01,148.99,210.65,209.99,61.33
Green Chilli,2019-08-01,632.83,911.35,931.42,288.55
Lime,2019-08-01,152.81,197.74,204.8,48.46
Beans,2019-09-01,323.83,430.22,453.65,118.11
Carrot,2019-09-01,220.29,286.53,308.63,77.29
Cabbage,2019-09-01,103.29,139.8,141.92,37.57
Tomato,2019-09-01,234.99,330.59,341.36,100.98
Brinjal,2019-09-01,249.77,335.68,341.23,88.69
Pumpkin,2019-09-01,127.4,167.64,169.14,40.99
Snake Gourd,2019-09-01,108.8,137.55,152.06,36.01
Green Chilli,2019-09-01,759.41,1027.21,1119.69,314.04
Lime,2019-09-01,158.53,223.27,216.37,61.29
Beans,2019-10-01,211.77,270.45,287.64,67.27
Carrot,2019-10-01,197.08,274.63,293.39,86.93
Cabbage,2019-10-01,119.57,162.38,166.47,44.86
Tomato,2019-10-01,243.11,351.83,361.64,113.62
Brinjal,2019-10-01,213.14,304.33,297.03,87.54
Pumpkin,2019-10-01,98.59,142.2,136.37,40.69
Snake Gourd,2019-10-01,131.67,183.28,196.2,58.07
Green Chilli,2019-10-01,631.64,823.48,919.24,239.72
Lime,2019-10-01,168.11,232.36,229.4,62.77
Beans,2019-11-01,219.42,282.98,327.45,85.8
Carrot,2019-11-01,243.42,340.01,336.46,94.81
Cabbage,2019-11-01,66.36,90.17,93.48,25.47
Tomato,2019-11-01,179.91,229.74,251.73,60.83
Brinjal,2019-11-01,243.43,323.85,360.71,98.85
Pumpkin,2019-11-01,109.62,153.89,150.59,42.62
Snake Gourd,2019-11-01,165.49,212.56,224.11,52.84
Green Chilli,2019-11-01,403.46,526.19,593.52,156.4
Lime,2019-11-01,174.78,225.46,235.32,55.61
Beans,2019-12-01,309.27,421.42,402.41,102.65
Carrot,2019-12-01,145.85,202.04,210.09,60.22
Cabbage,2019-12-01,79.6,111.1,103.48,27.69
Tomato,2019-12-01,172.25,218.53,249.38,61.7
Brinjal,2019-12-01,235.83,326.79,333.49,94.31
Pumpkin,2019-12-01,169.48,228.0,251.94,70.49
Snake Gourd,2019-12-01,137.63,185.83,197.83,54.2
Green Chilli,2019-12-01,467.58,672.57,613.87,175.64
Lime,2019-12-01,184.76,231.82,252.36,57.33
Beans,2020-01-01,337.25,439.53,499.09,132.06
Carrot,2020-01-01,200.33,266.54,296.1,80.99
Cabbage,2020-01-01,76.29,97.23,113.34,28.99
Tomato,2020-01-01,180.79,252.55,248.3,69.64
Brinjal,2020-01-01,216.37,300.32,295.77,81.67
Pumpkin,2020-01-01,131.92,183.33,190.07,54.78
Snake Gourd,2020-01-01,157.7,211.33,211.3,53.62
Green Chilli,2020-01-01,430.75,542.08,614.55,147.56
Lime,2020-01-01,195.96,257.77,264.24,65.04
Beans,2020-02-01,291.44,409.46,386.43,106.5
Carrot,2020-02-01,184.92,254.57,270.38,77.56
Cabbage,2020-02-01,74.06,96.97,100.43,24.64
Tomato,2020-02-01,142.19,192.58,203.72,55.96
Brinjal,2020-02-01,244.33,340.57,334.06,92.98
Pumpkin,2020-02-01,133.65,169.2,184.92,43.41
Snake Gourd,2020-02-01,164.52,229.39,216.78,58.56
Green Chilli,2020-02-01,475.77,672.77,656.95,189.09
Lime,2020-02-01,202.64,274.05,285.68,77.23
Beans,2020-03-01,268.2,383.65,395.63,121.44
Carrot,2020-03-01,225.47,324.38,297.55,85.5
Cabbage,2020-03-01,124.36,168.01,180.27,49.78
Tomato,2020-03-01,155.07,201.67,224.29,57.91
Brinjal,2020-03-01,239.48,316.11,345.25,91.2
Pumpkin,2020-03-01,131.06,178.38,173.0,44.63
Snake Gourd,2020-03-01,144.09,201.02,193.36,53.1
Green Chilli,2020-03-01,632.83,869.03,876.94,240.15
Lime,2020-03-01,138.98,196.23,200.01,59.14
Beans,2020-04-01,239.19,320.09,345.22,93.47
Carrot,2020-04-01,226.81,327.79,308.94,91.56
Cabbage,2020-04-01,104.96,145.35,147.82,41.62
Tomato,2020-04-01,225.14,319.98,297.74,83.72
Brinjal,2020-04-01,291.75,415.83,391.04,111.69
Pumpkin,2020-04-01,100.91,129.42,148.43,38.02
Snake Gourd,2020-04-01,133.22,180.38,195.31,54.62
Green Chilli,2020-04-01,638.57,862.73,898.0,241.79
Lime,2020-04-01,143.13,201.57,202.71,59.01
Beans,2020-05-01,352.01,468.84,519.31,142.06
Carrot,2020-05-01,198.05,248.03,269.37,60.65
Cabbage,2020-05-01,124.33,177.21,184.32,56.44
Tomato,2020-05-01,172.25,231.23,242.84,64.78
Brinjal,2020-05-01,265.99,332.92,346.28,73.61
Pumpkin,2020-05-01,114.41,154.19,149.25,37.31
Snake Gourd,2020-05-01,170.66,223.6,227.56,54.92
Green Chilli,2020-05-01,580.91,753.12,817.32,204.31
Lime,2020-05-01,132.82,183.85,192.69,55.45
Beans,2020-06-01,319.05,428.66,419.29,104.93
Carrot,2020-06-01,168.13,227.56,249.65,70.48
Cabbage,2020-06-01,102.32,139.83,141.24,38.22
Tomato,2020-06-01,209.63,297.43,290.65,84.41
Brinjal,2020-06-01,305.39,432.0,408.54,114.88
Pumpkin,2020-06-01,135.6,177.54,195.96,51.15
Snake Gourd,2020-06-01,146.09,182.64,210.81,50.63
Green Chilli,2020-06-01,649.11,860.71,905.63,234.06
Lime,2020-06-01,175.92,254.05,253.89,78.05
Beans,2020-07-01,311.4,428.25,413.94,109.7
Carrot,2020-07-01,134.26,190.9,181.42,51.9
Cabbage,2020-07-01,120.5,158.86,173.13,45.5
Tomato,2020-07-01,221.74,309.8,309.86,88.09
Brinjal,2020-07-01,286.63,378.93,399.28,102.47
Pumpkin,2020-07-01,159.12,227.03,213.44,61.11
Snake Gourd,2020-07-01,163.69,208.08,216.47,48.59
Green Chilli,2020-07-01,712.06,977.54,1040.22,296.82
Lime,2020-07-01,192.47,242.26,263.63,60.47
Beans,2020-08-01,265.62,366.4,369.97,102.56
Carrot,2020-08-01,233.3,301.64,327.4,81.22
Cabbage,2020-08-01,121.24,165.05,180.14,51.36
Tomato,2020-08-01,200.07,274.46,271.62,72.97
Brinjal,2020-08-01,276.5,375.74,388.89,105.81
Pumpkin,2020-08-01,151.43,195.01,211.08,51.61
Snake Gourd,2020-08-01,187.02,253.58,257.92,68.73
Green Chilli,2020-08-01,720.43,997.33,947.33,251.9
Lime,2020-08-01,189.81,271.08,250.34,70.9
Beans,2020-09-01,340.5,483.15,471.14,136.64
Carrot,2020-09-01,233.88,322.02,340.27,97.26
Cabbage,2020-09-01,102.47,135.18,140.34,35.29
Tomato,2020-09-01,224.21,295.25,296.29,71.56
Brinjal,2020-09-01,279.55,402.8,369.88,106.79
Pumpkin,2020-09-01,147.75,206.36,210.91,60.89
Snake Gourd,2020-09-01,152.18,208.09,223.18,63.45
Green Chilli,2020-09-01,673.66,935.13,947.71,267.76
Lime,2020-09-01,165.25,236.01,231.22,68.36
Beans,2020-10-01,242.64,322.82,320.4,78.97
Carrot,2020-10-01,214.53,282.63,309.69,81.63
Cabbage,2020-10-01,118.21,148.96,158.9,35.72
Tomato,2020-10-01,195.74,249.92,291.41,74.92
Brinjal,2020-10-01,248.4,319.47,343.12,82.9
Pumpkin,2020-10-01,105.11,134.08,152.18,38.02
Snake Gourd,2020-10-01,144.88,188.72,199.22,49.09
Green Chilli,2020-10-01,644.71,857.27,840.6,204.22
Lime,2020-10-01,147.22,189.06,192.68,43.65
Beans,2020-11-01,288.78,389.48,387.28,99.6
Carrot,2020-11-01,241.74,336.0,326.17,89.34
Cabbage,2020-11-01,90.83,130.59,131.2,40.06
Tomato,2020-11-01,228.97,306.46,300.94,74.73
Brinjal,2020-11-01,227.82,299.82,323.29,83.74
Pumpkin,2020-11-01,125.64,158.25,173.02,40.0
Snake Gourd,2020-11-01,155.08,214.47,210.48,57.39
Green Chilli,2020-11-01,440.13,632.59,573.8,163.06
Lime,2020-11-01,188.75,254.85,257.52,67.43
Beans,2020-12-01,322.81,427.81,463.06,122.62
Carrot,2020-12-01,207.85,268.15,282.15,67.3
Cabbage,2020-12-01,84.07,109.28,113.07,27.11
Tomato,2020-12-01,177.98,229.44,254.22,63.85
Brinjal,2020-12-01,251.46,342.5,339.72,89.65
Pumpkin,2020-12-01,155.92,219.31,216.89,62.18
Snake Gourd,2020-12-01,157.65,209.29,209.99,51.99
Green Chilli,2020-12-01,472.33,596.91,661.96,157.11
Lime,2020-12-01,189.84,256.6,247.7,62.31
Beans,2021-01-01,346.78,464.73,470.62,120.9
Carrot,2021-01-01,182.26,241.79,267.4,72.33
Cabbage,2021-01-01,74.84,106.22,103.68,30.11
Tomato,2021-01-01,154.54,200.31,223.88,57.56
Brinjal,2021-01-01,258.36,334.06,372.85,95.09
Pumpkin,2021-01-01,164.1,216.48,219.0,53.64
Snake Gourd,2021-01-01,136.67,186.01,182.81,47.74
Green Chilli,2021-01-01,468.84,610.22,630.72,151.63
Lime,2021-01-01,167.77,218.83,223.8,53.55
Beans,2021-02-01,352.86,495.42,491.35,140.53
Carrot,2021-02-01,165.3,238.57,242.03,75.0
Cabbage,2021-02-01,82.83,106.62,109.76,25.36
Tomato,2021-02-01,161.55,227.23,234.13,69.13
Brinjal,2021-02-01,339.09,470.41,442.06,117.15
Pumpkin,2021-02-01,136.66,189.63,199.32,57.81
Snake Gourd,2021-02-01,180.1,226.42,267.73,66.98
Green Chilli,2021-02-01,452.92,635.76,608.87,169.39
Lime,2021-02-01,173.91,225.83,260.58,69.3
Beans,2021-03-01,288.8,369.48,431.52,111.7
Carrot,2021-03-01,242.51,346.04,325.67,93.35
Cabbage,2021-03-01,130.5,171.97,174.23,42.6
Tomato,2021-03-01,161.03,226.85,224.31,64.55
Brinjal,2021-03-01,263.44,350.0,379.12,101.12
Pumpkin,2021-03-01,177.27,240.82,257.69,71.98
Snake Gourd,2021-03-01,129.78,162.74,175.28,39.23
Green Chilli,2021-03-01,658.13,824.63,890.39,199.38
Lime,2021-03-01,165.08,227.66,228.3,62.9
Beans,2021-04-01,295.02,415.09,395.33,110.19
Carrot,2021-04-01,236.16,332.5,341.9,101.04
Cabbage,2021-04-01,144.43,209.03,203.17,61.67
Tomato,2021-04-01,209.81,294.88,312.92,94.09
Brinjal,2021-04-01,323.0,442.25,449.64,122.94
Pumpkin,2021-04-01,120.45,168.66,172.93,50.34
Snake Gourd,2021-04-01,117.0,157.81,170.62,47.22
Green Chilli,2021-04-01,841.53,1163.21,1162.88,321.52
Lime,2021-04-01,163.5,209.69,245.1,63.89
Beans,2021-05-01,369.51,521.82,543.84,163.32
Carrot,2021-05-01,225.4,295.01,325.04,84.62
Cabbage,2021-05-01,130.01,172.07,184.38,48.22
Tomato,2021-05-01,221.89,306.03,331.63,96.94
Brinjal,2021-05-01,323.01,434.86,424.99,106.92
Pumpkin,2021-05-01,114.68,150.97,152.64,37.12
Snake Gourd,2021-05-01,188.47,265.97,271.13,80.08
Green Chilli,2021-05-01,714.05,953.66,956.47,241.02
Lime,2021-05-01,154.41,208.97,208.87,54.51
Beans,2021-06-01,328.18,449.55,432.47,112.83
Carrot,2021-06-01,182.83,248.82,253.14,68.15
Cabbage,2021-06-01,117.68,155.7,175.02,47.68
Tomato,2021-06-01,233.03,328.75,311.52,87.1
Brinjal,2021-06-01,311.78,434.44,410.57,110.73
Pumpkin,2021-06-01,174.34,221.42,251.67,62.2
Snake Gourd,2021-06-01,189.87,268.89,248.41,68.78
Green Chilli,2021-06-01,661.3,900.48,981.02,279.45
Lime,2021-06-01,186.8,265.07,242.85,67.16
Beans,2021-07-01,325.11,467.41,430.61,123.9
Carrot,2021-07-01,197.6,248.17,274.03,63.5
Cabbage,2021-07-01,125.52,172.32,176.53,48.91
Tomato,2021-07-01,239.61,320.84,359.39,100.5
Brinjal,2021-07-01,310.1,387.82,421.95,94.78
Pumpkin,2021-07-01,148.39,199.52,213.0,57.87
Snake Gourd,2021-07-01,161.95,210.65,221.25,54.0
Green Chilli,2021-07-01,807.18,1091.54,1120.39,298.79
Lime,2021-07-01,178.51,232.11,238.0,56.55
Beans,2021-08-01,406.06,567.82,589.33,172.52
Carrot,2021-08-01,249.16,339.89,348.04,94.81
Cabbage,2021-08-01,112.32,151.45,158.72,42.77
Tomato,2021-08-01,240.22,306.8,315.49,70.93
Brinjal,2021-08-01,308.77,445.06,405.13,116.33
Pumpkin,2021-08-01,157.55,223.1,234.77,71.38
Snake Gourd,2021-08-01,158.78,209.71,225.57,58.86
Green Chilli,2021-08-01,644.57,843.53,842.25,198.32
Lime,2021-08-01,208.9,279.94,285.15,73.64
Beans,2021-09-01,360.97,513.13,534.06,162.62
Carrot,2021-09-01,250.08,332.48,335.96,84.14
Cabbage,2021-09-01,115.26,158.07,160.83,44.19
Tomato,2021-09-01,228.77,287.43,326.86,78.38
Brinjal,2021-09-01,331.07,462.11,491.83,145.9
Pumpkin,2021-09-01,161.56,218.21,210.48,52.78
Snake Gourd,2021-09-01,129.32,168.38,172.7,41.22
Green Chilli,2021-09-01,724.88,1037.93,943.54,265.86
Lime,2021-09-01,165.23,228.75,214.98,56.64
Beans,2021-10-01,326.15,464.95,482.38,147.52
Carrot,2021-10-01,256.84,336.02,362.8,92.57
Cabbage,2021-10-01,119.27,171.08,158.41,45.48
Tomato,2021-10-01,255.89,351.56,344.54,92.16
Brinjal,2021-10-01,263.37,369.09,394.28,118.31
Pumpkin,2021-10-01,129.14,172.01,181.44,47.59
Snake Gourd,2021-10-01,139.02,186.22,202.28,55.23
Green Chilli,2021-10-01,722.06,908.03,1022.9,243.41
Lime,2021-10-01,144.92,185.44,207.35,51.48
Beans,2021-11-01,302.65,432.43,450.12,138.63
Carrot,2021-11-01,278.99,384.2,379.63,102.92
Cabbage,2021-11-01,87.76,117.46,115.09,28.51
Tomato,2021-11-01,230.42,315.14,325.21,89.75
Brinjal,2021-11-01,259.0,355.47,373.8,105.64
Pumpkin,2021-11-01,115.15,161.38,154.92,43.0
Snake Gourd,2021-11-01,170.4,241.87,249.74,75.41
Green Chilli,2021-11-01,451.36,617.38,651.84,183.25
Lime,2021-11-01,196.4,258.77,282.94,74.45
Beans,2021-12-01,370.1,481.96,519.02,130.39
Carrot,2021-12-01,167.13,210.11,240.82,58.34
Cabbage,2021-12-01,82.88,105.16,110.59,25.0
Tomato,2021-12-01,161.0,225.54,209.96,56.75
Brinjal,2021-12-01,269.78,385.28,389.48,117.6
Pumpkin,2021-12-01,156.6,222.27,222.4,65.74
Snake Gourd,2021-12-01,202.49,293.35,272.65,80.51
Green Chilli,2021-12-01,497.96,623.89,659.22,143.6
Lime,2021-12-01,198.48,270.61,279.99,76.82
Beans,2022-01-01,390.31,518.92,556.19,147.25
Carrot,2022-01-01,184.11,259.0,258.46,74.62
Cabbage,2022-01-01,100.13,129.97,135.78,32.75
Tomato,2022-01-01,168.52,237.46,233.13,66.77
Brinjal,2022-01-01,273.57,387.59,385.93,113.19
Pumpkin,2022-01-01,163.71,220.17,225.65,59.2
Snake Gourd,2022-01-01,183.85,242.48,257.32,66.05
Green Chilli,2022-01-01,468.18,633.81,621.74,159.59
Lime,2022-01-01,187.05,236.24,271.7,66.92
Beans,2022-02-01,362.53,498.6,524.04,148.79
Carrot,2022-02-01,149.36,197.93,213.29,56.25
Cabbage,2022-02-01,84.58,120.09,124.75,37.84
Tomato,2022-02-01,179.85,235.65,234.47,55.21
Brinjal,2022-02-01,309.62,401.08,460.05,120.94
Pumpkin,2022-02-01,159.48,206.82,223.95,55.91
Snake Gourd,2022-02-01,187.57,245.92,255.9,63.34
Green Chilli,2022-02-01,507.56,651.42,662.72,149.51
Lime,2022-02-01,190.2,274.88,259.86,77.17
Beans,2022-03-01,317.41,446.54,452.15,131.93
Carrot,2022-03-01,243.46,330.71,320.94,82.36
Cabbage,2022-03-01,152.46,214.68,204.11,56.94
Tomato,2022-03-01,183.27,247.88,250.37,65.85
Brinjal,2022-03-01,375.58,513.09,546.33,154.13
Pumpkin,2022-03-01,162.57,230.25,220.27,62.69
Snake Gourd,2022-03-01,143.55,188.57,194.27,47.87
Green Chilli,2022-03-01,768.69,985.47,1120.34,284.21
Lime,2022-03-01,176.28,220.76,249.89,59.04
Beans,2022-04-01,305.58,435.35,402.39,113.29
Carrot,2022-04-01,272.53,392.03,399.15,123.06
Cabbage,2022-04-01,137.28,184.53,189.39,49.68
Tomato,2022-04-01,195.55,261.35,292.51,81.38
Brinjal,2022-04-01,302.14,433.4,421.8,125.46
Pumpkin,2022-04-01,117.97,157.62,163.02,42.35
Snake Gourd,2022-04-01,155.83,223.63,228.41,70.19
Green Chilli,2022-04-01,781.51,992.31,1112.73,271.01
Lime,2022-04-01,145.52,197.1,189.39,47.72
Beans,2022-05-01,380.08,549.46,560.55,174.93
Carrot,2022-05-01,283.33,356.74,416.25,103.17
Cabbage,2022-05-01,135.48,196.39,183.13,54.28
Tomato,2022-05-01,249.1,356.61,335.57,96.99
Brinjal,2022-05-01,346.43,469.91,483.47,130.26
Pumpkin,2022-05-01,114.79,159.69,153.61,41.86
Snake Gourd,2022-05-01,179.27,232.43,250.67,62.28
Green Chilli,2022-05-01,773.54,1077.09,1095.33,312.67
Lime,2022-05-01,146.04,205.52,197.16,55.3
Beans,2022-06-01,407.46,537.89,599.68,161.32
Carrot,2022-06-01,159.74,222.19,236.58,69.64
Cabbage,2022-06-01,133.89,180.43,198.89,55.77
Tomato,2022-06-01,295.14,409.61,389.99,104.66
Brinjal,2022-06-01,333.19,445.51,437.97,108.55
Pumpkin,2022-06-01,163.55,225.17,241.4,69.73
Snake Gourd,2022-06-01,188.41,271.6,277.63,86.21
Green Chilli,2022-06-01,868.85,1149.71,1234.04,323.02
Lime,2022-06-01,195.31,258.4,289.23,78.5
Beans,2022-07-01,399.9,539.35,534.14,136.85
Carrot,2022-07-01,184.39,260.51,268.36,80.05
Cabbage,2022-07-01,126.22,179.54,186.64,56.87
Tomato,2022-07-01,254.24,324.43,380.12,98.03
Brinjal,2022-07-01,407.05,553.21,533.33,136.22
Pumpkin,2022-07-01,183.74,248.24,262.66,71.71
Snake Gourd,2022-07-01,168.65,220.21,224.6,53.75
Green Chilli,2022-07-01,819.8,1184.28,1090.84,317.76
Lime,2022-07-01,226.18,289.69,329.94,83.63
Beans,2022-08-01,453.86,588.87,616.22,148.69
Carrot,2022-08-01,271.22,343.49,375.27,88.16
Cabbage,2022-08-01,144.41,185.93,200.68,48.9
Tomato,2022-08-01,268.79,381.17,366.82,105.2
Brinjal,2022-08-01,331.93,421.79,487.12,122.53
Pumpkin,2022-08-01,169.97,228.51,251.82,70.19
Snake Gourd,2022-08-01,177.29,231.79,248.23,62.72
Green Chilli,2022-08-01,945.89,1326.05,1391.02,412.64
Lime,2022-08-01,190.86,248.75,275.45,71.24
Beans,2022-09-01,391.37,567.0,565.84,175.05
Carrot,2022-09-01,303.61,430.21,449.52,136.25
Cabbage,2022-09-01,120.89,160.07,157.65,37.97
Tomato,2022-09-01,241.51,326.28,339.33,91.29
Brinjal,2022-09-01,325.14,429.87,474.61,127.1
Pumpkin,2022-09-01,147.81,201.67,217.37,61.71
Snake Gourd,2022-09-01,158.7,212.2,215.66,55.23
Green Chilli,2022-09-01,775.2,1044.54,1062.87,278.5
Lime,2022-09-01,174.49,226.66,228.56,53.12
Beans,2022-10-01,353.44,442.5,525.71,130.67
Carrot,2022-10-01,232.49,291.03,313.19,69.62
Cabbage,2022-10-01,121.84,167.22,162.45,42.99
Tomato,2022-10-01,215.4,270.76,281.62,60.79
Brinjal,2022-10-01,299.85,419.14,408.88,114.16
Pumpkin,2022-10-01,114.41,154.75,165.05,45.49
Snake Gourd,2022-10-01,121.31,154.59,171.19,41.58
Green Chilli,2022-10-01,994.63,1341.58,1416.41,384.37
Lime,2022-10-01,155.04,216.74,223.44,65.05
Beans,2022-11-01,347.95,465.02,481.06,125.09
Carrot,2022-11-01,267.69,365.8,351.8,91.11
Cabbage,2022-11-01,99.65,133.09,136.13,34.96
Tomato,2022-11-01,229.39,312.55,320.18,86.98
Brinjal,2022-11-01,320.31,449.54,474.4,141.66
Pumpkin,2022-11-01,131.55,189.51,193.78,60.09
Snake Gourd,2022-11-01,186.38,247.96,263.75,69.48
Green Chilli,2022-11-01,514.04,719.65,720.67,206.12
Lime,2022-11-01,192.19,277.57,254.38,73.78
Beans,2022-12-01,452.63,574.03,609.33,139.05
Carrot,2022-12-01,189.86,253.81,282.08,78.08
Cabbage,2022-12-01,98.27,135.22,144.37,41.53
Tomato,2022-12-01,197.38,282.29,295.14,91.34
Brinjal,2022-12-01,298.63,380.89,437.42,110.53
Pumpkin,2022-12-01,175.56,238.9,246.83,67.31
Snake Gourd,2022-12-01,195.22,246.95,288.76,72.63
Green Chilli,2022-12-01,614.73,845.36,849.45,232.68
Lime,2022-12-01,193.65,275.36,278.86,83.46
Beans,2023-01-01,390.73,525.45,523.09,133.54
Carrot,2023-01-01,186.17,257.34,275.95,80.47
Cabbage,2023-01-01,96.91,138.02,140.49,42.35
Tomato,2023-01-01,180.51,245.01,261.81,72.9
Brinjal,2023-01-01,265.19,358.61,394.02,111.12
Pumpkin,2023-01-01,161.14,205.76,215.05,49.27
Snake Gourd,2023-01-01,205.64,294.18,306.91,94.91
Green Chilli,2023-01-01,514.91,729.95,723.47,211.8
Lime,2023-01-01,244.39,341.78,328.45,90.72
Beans,2023-02-01,454.77,601.57,678.47,185.25
Carrot,2023-02-01,201.53,262.62,285.04,72.3
Cabbage,2023-02-01,106.74,143.57,158.94,44.52
Tomato,2023-02-01,193.48,273.85,284.2,85.55
Brinjal,2023-02-01,368.47,488.77,547.88,149.85
Pumpkin,2023-02-01,145.63,198.49,203.02,55.13
Snake Gourd,2023-02-01,214.89,306.52,298.46,87.6
Green Chilli,2023-02-01,621.61,789.34,921.09,233.61
Lime,2023-02-01,185.84,239.9,248.34,58.28
Beans,2023-03-01,334.37,459.03,447.27,118.78
Carrot,2023-03-01,260.63,350.6,388.57,108.96
Cabbage,2023-03-01,130.23,170.55,181.17,45.63
Tomato,2023-03-01,209.39,295.18,282.4,79.4
Brinjal,2023-03-01,375.37,529.98,560.64,169.94
Pumpkin,2023-03-01,177.97,248.35,244.56,68.48
Snake Gourd,2023-03-01,135.61,196.15,178.9,51.91
Green Chilli,2023-03-01,908.3,1249.18,1278.54,355.56
Lime,2023-03-01,171.4,224.1,255.05,68.17
Beans,2023-04-01,319.11,460.96,417.24,119.99
Carrot,2023-04-01,271.16,351.48,380.11,94.63
Cabbage,2023-04-01,131.96,183.26,181.96,50.65
Tomato,2023-04-01,226.4,311.71,310.81,84.86
Brinjal,2023-04-01,369.34,517.56,525.24,152.06
Pumpkin,2023-04-01,134.82,181.64,181.33,46.67
Snake Gourd,2023-04-01,143.17,183.7,208.37,52.87
Green Chilli,2023-04-01,705.75,964.0,1041.29,296.89
Lime,2023-04-01,192.44,257.91,250.76,61.9
Beans,2023-05-01,465.3,642.24,619.23,165.44
Carrot,2023-05-01,309.0,397.54,448.08,113.81
Cabbage,2023-05-01,136.49,181.75,196.68,52.72
Tomato,2023-05-01,251.82,354.83,359.13,105.16
Brinjal,2023-05-01,364.45,499.1,508.22,139.21
Pumpkin,2023-05-01,111.14,148.57,148.98,37.63
Snake Gourd,2023-05-01,207.47,267.74,309.51,81.16
Green Chilli,2023-05-01,978.83,1403.05,1410.84,428.11
Lime,2023-05-01,187.04,246.48,273.8,73.1
Beans,2023-06-01,400.21,514.14,547.56,130.64
Carrot,2023-06-01,210.82,267.61,288.87,67.42
Cabbage,2023-06-01,137.47,173.67,204.62,51.67
Tomato,2023-06-01,262.21,347.29,381.59,102.23
Brinjal,2023-06-01,360.34,496.86,523.03,149.61
Pumpkin,2023-06-01,185.27,252.98,273.82,78.13
Snake Gourd,2023-06-01,217.12,280.16,300.92,73.42
Green Chilli,2023-06-01,966.17,1305.53,1260.97,317.08
Lime,2023-06-01,201.56,286.29,283.16,83.17
Beans,2023-07-01,416.5,541.9,583.66,146.28
Carrot,2023-07-01,191.28,261.1,282.71,80.62
Cabbage,2023-07-01,156.97,211.01,231.33,64.2
Tomato,2023-07-01,253.11,322.91,372.34,94.51
Brinjal,2023-07-01,378.43,501.42,539.33,141.95
Pumpkin,2023-07-01,180.63,235.92,254.93,64.8
Snake Gourd,2023-07-01,208.8,286.31,311.09,89.9
Green Chilli,2023-07-01,905.36,1151.28,1268.68,304.62
Lime,2023-07-01,206.3,273.08,270.91,65.69
Beans,2023-08-01,500.19,683.78,678.35,180.88
Carrot,2023-08-01,264.2,358.98,348.76,89.67
Cabbage,2023-08-01,126.61,167.75,166.64,40.58
Tomato,2023-08-01,265.1,368.2,347.57,92.78
Brinjal,2023-08-01,450.39,636.78,592.7,164.35
Pumpkin,2023-08-01,213.0,272.76,279.72,63.24
Snake Gourd,2023-08-01,173.67,221.53,236.62,55.41
Green Chilli,2023-08-01,1058.81,1462.48,1505.36,425.11
Lime,2023-08-01,215.54,289.85,298.07,78.42
Beans,2023-09-01,411.4,587.49,605.5,185.1
Carrot,2023-09-01,268.44,341.26,375.56,89.97
Cabbage,2023-09-01,155.38,212.71,212.09,57.02
Tomato,2023-09-01,231.98,324.78,311.54,86.18
Brinjal,2023-09-01,443.12,631.26,652.59,198.81
Pumpkin,2023-09-01,159.78,206.4,232.48,59.66
Snake Gourd,2023-09-01,160.02,221.2,217.98,59.57
Green Chilli,2023-09-01,926.32,1220.8,1330.22,349.19
Lime,2023-09-01,155.09,196.37,228.76,57.47
Beans,2023-10-01,386.97,514.95,557.42,149.21
Carrot,2023-10-01,259.48,351.53,362.51,97.54
Cabbage,2023-10-01,150.78,215.36,201.02,57.41
Tomato,2023-10-01,293.36,378.12,404.29,97.84
Brinjal,2023-10-01,355.53,461.95,509.71,130.3
Pumpkin,2023-10-01,148.09,206.93,206.08,58.42
Snake Gourd,2023-10-01,161.22,223.86,228.68,65.05
Green Chilli,2023-10-01,903.88,1168.51,1181.87,271.31
Lime,2023-10-01,151.94,216.36,218.14,65.31
Beans,2023-11-01,393.78,530.05,580.46,161.48
Carrot,2023-11-01,273.04,391.91,393.1,119.47
Cabbage,2023-11-01,104.64,133.69,148.41,36.41
Tomato,2023-11-01,312.06,393.34,464.89,117.05
Brinjal,2023-11-01,337.43,445.88,473.26,122.14
Pumpkin,2023-11-01,148.68,214.4,200.83,58.94
Snake Gourd,2023-11-01,215.82,309.97,297.74,88.04
Green Chilli,2023-11-01,703.36,978.06,920.28,245.81
Lime,2023-11-01,166.42,226.88,221.32,57.68
Beans,2023-12-01,410.31,581.09,534.67,147.57
Carrot,2023-12-01,207.6,298.74,295.15,89.34
Cabbage,2023-12-01,100.32,143.94,145.97,44.64
Tomato,2023-12-01,211.78,294.9,290.92,81.13
Brinjal,2023-12-01,337.87,425.06,465.34,107.33
Pumpkin,2023-12-01,196.1,276.59,293.69,89.04
Snake Gourd,2023-12-01,190.93,261.55,283.99,81.84
Green Chilli,2023-12-01,629.04,797.49,926.1,232.76
Lime,2023-12-01,230.82,290.07,304.27,66.35
Beans,2024-01-01,446.48,605.64,604.33,158.5
Carrot,2024-01-01,175.08,231.75,229.2,55.39
Cabbage,2024-01-01,77.81,101.52,103.2,24.55
Tomato,2024-01-01,224.14,324.83,306.15,91.35
Brinjal,2024-01-01,366.21,486.48,542.35,148.21
Pumpkin,2024-01-01,206.94,277.32,295.79,79.62
Snake Gourd,2024-01-01,209.48,275.03,301.66,78.87
Green Chilli,2024-01-01,560.02,781.94,838.84,250.37
Lime,2024-01-01,215.59,285.1,311.92,82.92
Beans,2024-02-01,464.33,653.71,653.06,189.06
Carrot,2024-02-01,216.45,279.63,282.7,64.72
Cabbage,2024-02-01,109.99,150.02,162.27,46.16
Tomato,2024-02-01,241.55,323.16,350.06,95.06
Brinjal,2024-02-01,398.12,527.2,568.06,149.51
Pumpkin,2024-02-01,197.47,262.6,274.4,71.03
Snake Gourd,2024-02-01,224.29,315.16,304.5,85.54
Green Chilli,2024-02-01,645.8,828.2,879.57,208.09
Lime,2024-02-01,251.67,349.23,376.8,111.35
Beans,2024-03-01,366.84,483.99,540.16,145.24
Carrot,2024-03-01,328.33,411.88,466.85,111.04
Cabbage,2024-03-01,158.77,208.3,236.35,63.55
Tomato,2024-03-01,193.91,268.09,278.15,79.21
Brinjal,2024-03-01,426.15,597.62,582.04,163.68
Pumpkin,2024-03-01,188.95,238.52,253.52,57.07
Snake Gourd,2024-03-01,168.37,233.81,250.55,73.81
Green Chilli,2024-03-01,1026.73,1406.66,1535.37,444.28
Lime,2024-03-01,200.3,290.04,264.02,76.73
Beans,2024-04-01,403.78,527.61,576.61,148.33
Carrot,2024-04-01,269.09,369.82,356.72,94.18
Cabbage,2024-04-01,138.6,196.4,189.25,54.23
Tomato,2024-04-01,303.59,425.35,449.41,133.79
Brinjal,2024-04-01,362.61,509.59,487.95,136.16
Pumpkin,2024-04-01,121.88,169.67,174.56,50.23
Snake Gourd,2024-04-01,155.9,220.96,210.43,59.8
Green Chilli,2024-04-01,949.54,1270.73,1246.87,309.26
Lime,2024-04-01,198.41,278.36,294.25,87.9
Beans,2024-05-01,531.74,764.94,719.66,210.56
Carrot,2024-05-01,261.07,367.9,371.23,108.5
Cabbage,2024-05-01,129.17,174.64,181.59,48.95
Tomato,2024-05-01,291.21,390.95,394.85,101.69
Brinjal,2024-05-01,399.96,534.02,534.92,134.51
Pumpkin,2024-05-01,148.58,199.82,203.59,53.12
Snake Gourd,2024-05-01,214.65,299.13,317.55,93.69
Green Chilli,2024-05-01,1179.82,1552.29,1758.51,475.58
Lime,2024-05-01,179.3,233.97,242.88,59.12
Beans,2024-06-01,458.23,628.9,635.87,174.15
Carrot,2024-06-01,216.24,279.14,321.45,84.05
Cabbage,2024-06-01,153.65,196.67,202.51,45.94
Tomato,2024-06-01,251.76,345.12,368.41,105.01
Brinjal,2024-06-01,385.13,501.63,519.56,125.46
Pumpkin,2024-06-01,196.53,273.46,278.59,79.49
Snake Gourd,2024-06-01,179.15,243.78,259.08,72.28
Green Chilli,2024-06-01,978.61,1249.07,1402.22,347.03
Lime,2024-06-01,207.74,277.66,278.27,70.22
Beans,2024-07-01,496.14,626.92,655.71,145.18
Carrot,2024-07-01,194.3,260.94,289.57,80.95
Cabbage,2024-07-01,163.12,218.74,223.68,58.09
Tomato,2024-07-01,315.86,432.91,447.2,124.19
Brinjal,2024-07-01,390.36,496.9,572.81,144.49
Pumpkin,2024-07-01,163.85,232.14,217.6,61.02
Snake Gourd,2024-07-01,208.92,284.79,284.66,75.81
Green Chilli,2024-07-01,1047.55,1489.44,1446.36,420.35
Lime,2024-07-01,208.71,297.27,286.48,83.16
Beans,2024-08-01,451.59,649.96,600.15,173.47
Carrot,2024-08-01,266.32,333.13,360.8,80.65
Cabbage,2024-08-01,164.53,231.96,218.28,60.59
Tomato,2024-08-01,271.06,370.8,394.08,111.38
Brinjal,2024-08-01,424.66,595.24,583.64,164.78
Pumpkin,2024-08-01,188.96,273.29,258.86,77.12
Snake Gourd,2024-08-01,252.91,363.33,341.02,99.26
Green Chilli,2024-08-01,1165.94,1562.39,1689.28,459.89
Lime,2024-08-01,214.94,278.47,287.99,68.29
Beans,2024-09-01,505.6,701.63,685.83,188.13
Carrot,2024-09-01,313.75,394.97,459.18,113.33
Cabbage,2024-09-01,157.55,202.29,225.38,56.28
Tomato,2024-09-01,280.02,394.15,378.24,106.18
Brinjal,2024-09-01,390.06,530.13,518.57,134.29
Pumpkin,2024-09-01,222.48,317.31,307.97,90.16
Snake Gourd,2024-09-01,159.17,217.46,223.03,61.08
Green Chilli,2024-09-01,1084.02,1380.96,1499.57,356.25
Lime,2024-09-01,168.43,220.82,250.14,67.05
Beans,2024-10-01,359.16,503.39,505.0,145.03
Carrot,2024-10-01,317.8,420.45,419.51,102.18
Cabbage,2024-10-01,156.34,195.67,218.1,50.54
Tomato,2024-10-01,276.43,371.21,404.56,111.45
Brinjal,2024-10-01,356.73,481.29,530.13,148.98
Pumpkin,2024-10-01,146.31,198.84,196.75,51.48
Snake Gourd,2024-10-01,185.42,249.73,271.89,75.39
Green Chilli,2024-10-01,1101.34,1566.5,1470.13,416.98
Lime,2024-10-01,178.34,223.82,246.09,56.61
Beans,2024-11-01,403.85,529.62,598.11,160.01
Carrot,2024-11-01,272.94,354.15,359.25,83.76
Cabbage,2024-11-01,117.33,147.42,155.66,34.21
Tomato,2024-11-01,257.96,333.41,379.59,98.54
Brinjal,2024-11-01,396.49,510.1,563.8,140.46
Pumpkin,2024-11-01,145.68,191.26,213.53,56.71
Snake Gourd,2024-11-01,242.46,331.04,323.23,84.68
Green Chilli,2024-11-01,560.44,739.04,773.51,195.83
Lime,2024-11-01,235.99,308.85,326.41,81.64
Beans,2024-12-01,505.25,686.74,712.1,194.17
Carrot,2024-12-01,176.02,255.21,239.68,71.42
Cabbage,2024-12-01,105.34,145.92,144.12,39.68
Tomato,2024-12-01,208.24,274.26,272.46,65.12
Brinjal,2024-12-01,335.29,476.44,461.46,133.66
Pumpkin,2024-12-01,188.88,241.43,272.34,68.0
Snake Gourd,2024-12-01,254.94,353.65,332.33,88.05
Green Chilli,2024-12-01,659.87,924.67,872.42,238.67
Lime,2024-12-01,211.93,288.46,304.75,84.67
Beans,2025-01-01,450.0,639.13,666.56,202.84
Carrot,2025-01-01,250.0,342.21,360.41,101.31
Cabbage,2025-01-01,130.0,175.01,180.72,47.86
Tomato,2025-01-01,250.0,337.96,372.25,105.1
Brinjal,2025-01-01,400.0,554.33,568.55,161.44
Pumpkin,2025-01-01,180.0,255.99,263.58,79.78
Snake Gourd,2025-01-01,200.0,260.15,294.79,77.47
Green Chilli,2025-01-01,900.0,1270.51,1217.41,343.96
Lime,2025-01-01,200.0,280.18,271.04,75.61
Beans,2025-02-01,502.34,636.67,681.84,156.92
Carrot,2025-02-01,227.89,326.68,327.24,99.07
Cabbage,2025-02-01,102.58,130.46,138.5,31.9
Tomato,2025-02-01,242.42,335.21,335.23,92.8
Brinjal,2025-02-01,475.71,669.27,683.0,200.43
Pumpkin,2025-02-01,205.75,269.3,303.39,80.59
Snake Gourd,2025-02-01,243.17,329.01,322.48,82.58
Green Chilli,2025-02-01,603.56,855.42,899.3,273.8
Lime,2025-02-01,254.34,337.13,370.76,99.6
Beans,2025-03-01,426.25,553.19,571.73,136.21
Carrot,2025-03-01,296.53,372.15,432.09,105.59
Cabbage,2025-03-01,154.89,202.1,203.38,47.85
Tomato,2025-03-01,189.6,241.38,249.19,55.69
Brinjal,2025-03-01,372.47,496.75,553.41,152.61
Pumpkin,2025-03-01,217.25,302.66,320.86,94.51
Snake Gourd,2025-03-01,195.52,268.79,273.01,75.38
Green Chilli,2025-03-01,972.44,1407.35,1423.87,443.17
Lime,2025-03-01,165.7,210.44,227.09,53.07
Beans,2025-04-01,435.39,545.68,636.96,155.93
Carrot,2025-04-01,270.94,348.16,400.43,103.36
Cabbage,2025-04-01,160.21,230.71,240.27,75.28
Tomato,2025-04-01,302.74,438.89,431.69,132.55
Brinjal,2025-04-01,438.2,616.26,600.8,170.33
Pumpkin,2025-04-01,161.15,202.12,220.35,50.08
Snake Gourd,2025-04-01,185.78,240.88,275.16,72.24
Green Chilli,2025-04-01,1006.86,1382.8,1416.47,392.77
Lime,2025-04-01,162.07,207.91,218.37,51.07
Beans,2025-05-01,487.61,680.63,665.96,185.69
Carrot,2025-05-01,295.53,385.94,417.92,106.4
Cabbage,2025-05-01,160.13,210.89,223.04,56.83
Tomato,2025-05-01,305.19,436.51,402.23,114.18
Brinjal,2025-05-01,406.59,536.34,540.63,131.9
Pumpkin,2025-05-01,156.98,226.04,235.37,73.73
Snake Gourd,2025-05-01,246.42,313.81,354.33,87.65
Green Chilli,2025-05-01,1154.18,1490.31,1593.4,387.67
Lime,2025-05-01,160.23,210.27,212.18,51.0
Beans,2025-06-01,569.07,767.5,804.91,217.13
Carrot,2025-06-01,196.88,275.44,260.95,71.31
Cabbage,2025-06-01,147.06,204.71,197.32,53.95
Tomato,2025-06-01,225.68,314.08,321.52,92.12
Brinjal,2025-06-01,410.1,571.19,557.13,154.06
Pumpkin,2025-06-01,182.31,263.8,266.68,82.93
Snake Gourd,2025-06-01,214.56,268.44,280.76,60.04
Green Chilli,2025-06-01,1122.02,1595.06,1623.96,487.49
Lime,2025-06-01,202.58,269.4,283.93,74.08
Beans,2025-07-01,618.43,786.87,873.88,211.95
Carrot,2025-07-01,213.73,285.62,304.95,81.56
Cabbage,2025-07-01,151.38,195.92,226.67,59.91
Tomato,2025-07-01,278.2,354.84,392.02,95.23
Brinjal,2025-07-01,422.62,575.75,609.83,170.17
Pumpkin,2025-07-01,241.36,333.88,355.8,103.48
Snake Gourd,2025-07-01,206.49,284.61,302.23,86.93
Green Chilli,2025-07-01,1252.31,1813.85,1673.81,491.52
Lime,2025-07-01,218.69,294.22,290.1,73.47
Beans,2025-08-01,543.58,698.73,746.19,178.88
Carrot,2025-08-01,301.95,380.56,394.36,85.51
Cabbage,2025-08-01,146.0,210.69,217.27,67.98
Tomato,2025-08-01,275.66,373.0,389.77,105.72
Brinjal,2025-08-01,431.36,604.48,587.47,164.62
Pumpkin,2025-08-01,214.22,301.62,313.53,93.35
Snake Gourd,2025-08-01,265.26,349.6,394.49,106.79
Green Chilli,2025-08-01,1116.89,1575.09,1624.33,482.82
Lime,2025-08-01,221.14,300.01,291.91,74.82
